"Data";"Hora (UTC)";"Temp. Ins. (C)";"Temp. Max. (C)";"Temp. Min. (C)";"Umi. Ins. (%)";"Umi. Max. (%)";"Umi. Min. (%)";"Pto Orvalho Ins. (C)";"Pto Orvalho Max. (C)";"Pto Orvalho Min. (C)";"Pressao Ins. (hPa)";"Pressao Max. (hPa)";"Pressao Min. (hPa)";"Vel. Vento (m/s)";"Dir. Vento (m/s)";"Raj. Vento (m/s)";"Radiacao (KJ/m²)";"Chuva (mm)"
"11/03/2025";"0000";"24,7";"25,0";"24,6";"97,0";"97,0";"97,0";"24,1";"24,5";"24,1";"1009,5";"1009,5";"1009,1";"0,1";"95,0";"1,0";"";"0,0"
"11/03/2025";"0100";"24,6";"24,8";"24,6";"97,0";"97,0";"96,0";"24,2";"24,3";"24,0";"1010,3";"1010,3";"1009,5";"0,0";"44,0";"1,1";"";"0,0"
"11/03/2025";"0200";"24,6";"24,7";"24,5";"97,0";"98,0";"96,0";"24,1";"24,2";"24,0";"1010,6";"1010,6";"1010,3";"0,1";"109,0";"1,4";"";"0,0"
"11/03/2025";"0300";"24,6";"24,7";"24,5";"96,0";"97,0";"96,0";"24,0";"24,1";"24,0";"1010,1";"1010,6";"1010,1";"0,4";"77,0";"1,6";"";"0,0"
"11/03/2025";"0400";"24,4";"24,6";"24,4";"98,0";"98,0";"96,0";"24,0";"24,1";"23,9";"1009,3";"1010,1";"1009,3";"0,3";"96,0";"1,7";"";"0,0"
"11/03/2025";"0500";"24,3";"24,5";"24,3";"98,0";"98,0";"97,0";"24,0";"24,0";"23,9";"1008,5";"1009,3";"1008,5";"0,3";"137,0";"1,4";"";"0,0"
"11/03/2025";"0600";"24,4";"24,4";"24,3";"98,0";"98,0";"97,0";"24,0";"24,0";"23,9";"1007,9";"1008,5";"1007,9";"1,6";"100,0";"3,9";"";"0,0"
"11/03/2025";"0700";"24,1";"24,4";"24,1";"98,0";"98,0";"98,0";"23,8";"24,0";"23,8";"1007,5";"1007,9";"1007,5";"0,3";"92,0";"3,3";"";"0,0"
"11/03/2025";"0800";"24,0";"24,1";"24,0";"98,0";"98,0";"98,0";"23,8";"23,8";"23,7";"1007,8";"1007,9";"1007,5";"0,1";"194,0";"1,1";"";"0,0"
"11/03/2025";"0900";"23,8";"24,0";"23,8";"99,0";"99,0";"98,0";"23,6";"23,8";"23,6";"1008,3";"1008,3";"1007,8";"0,1";"226,0";"0,8";"";"0,0"
"11/03/2025";"1000";"24,2";"24,2";"23,8";"99,0";"99,0";"98,0";"24,0";"24,0";"23,6";"1009,2";"1009,2";"1008,3";"0,3";"227,0";"1,4";"142,90";"0,0"
"11/03/2025";"1100";"26,1";"26,1";"24,2";"89,0";"99,0";"88,0";"24,2";"24,3";"23,6";"1009,9";"1009,9";"1009,2";"1,2";"136,0";"3,0";"1215,00";"0,0"
"11/03/2025";"1200";"28,1";"28,1";"26,1";"81,0";"90,0";"80,0";"24,4";"24,9";"24,0";"1010,6";"1010,6";"1009,9";"1,9";"125,0";"4,5";"2196,70";"0,0"
"11/03/2025";"1300";"29,2";"29,2";"28,1";"78,0";"82,0";"76,0";"24,9";"25,3";"24,2";"1010,9";"1010,9";"1010,6";"2,1";"60,0";"4,5";"2452,40";"0,0"
"11/03/2025";"1400";"29,6";"30,2";"29,2";"76,0";"78,0";"71,0";"24,9";"25,4";"24,1";"1010,7";"1011,0";"1010,7";"2,5";"67,0";"6,7";"2483,30";"0,0"
"11/03/2025";"1500";"27,4";"30,1";"26,9";"90,0";"92,0";"76,0";"25,6";"25,9";"24,6";"1009,8";"1010,7";"1009,8";"3,5";"63,0";"10,0";"1563,70";"0,2"
"11/03/2025";"1600";"28,7";"28,7";"27,2";"82,0";"90,0";"81,0";"25,4";"25,9";"24,9";"1008,8";"1009,8";"1008,8";"2,8";"98,0";"7,0";"1690,80";"0,0"
"11/03/2025";"1700";"29,9";"30,1";"28,6";"73,0";"82,0";"72,0";"24,6";"25,5";"24,0";"1008,1";"1008,8";"1008,1";"3,8";"76,0";"6,7";"2502,40";"0,0"
"11/03/2025";"1800";"25,3";"29,9";"24,7";"96,0";"97,0";"72,0";"24,6";"25,2";"24,1";"1008,2";"1008,5";"1008,0";"0,3";"258,0";"10,0";"549,50";"1,8"
"11/03/2025";"1900";"26,2";"26,2";"25,1";"93,0";"96,0";"93,0";"25,0";"25,3";"24,0";"1007,5";"1008,2";"1007,5";"0,0";"35,0";"1,7";"468,40";"0,0"
"11/03/2025";"2000";"27,6";"27,6";"26,2";"88,0";"95,0";"86,0";"25,4";"25,9";"24,8";"1007,2";"1007,5";"1007,2";"1,6";"76,0";"3,1";"490,10";"0,0"
"11/03/2025";"2100";"27,0";"28,0";"27,0";"88,0";"88,0";"83,0";"24,9";"25,5";"24,7";"1007,6";"1007,6";"1007,2";"3,0";"73,0";"6,1";"351,40";"0,0"
"11/03/2025";"2200";"25,4";"27,0";"25,4";"92,0";"92,0";"88,0";"23,9";"25,0";"23,9";"1008,5";"1008,5";"1007,6";"2,1";"69,0";"6,4";"9,80";"0,0"
"11/03/2025";"2300";"25,2";"25,4";"25,1";"95,0";"95,0";"92,0";"24,4";"24,4";"23,9";"1009,2";"1009,2";"1008,5";"0,5";"88,0";"4,8";"";"0,0"
"12/03/2025";"0000";"24,7";"25,2";"24,7";"98,0";"98,0";"95,0";"24,3";"24,5";"24,3";"1009,9";"1009,9";"1009,2";"0,1";"39,0";"1,8";"";"0,0"
"12/03/2025";"0100";"24,7";"24,8";"24,6";"98,0";"98,0";"98,0";"24,4";"24,5";"24,3";"1010,5";"1010,5";"1009,9";"0,0";"81,0";"0,8";"";"0,0"
"12/03/2025";"0200";"24,4";"24,8";"24,4";"98,0";"98,0";"97,0";"24,1";"24,4";"24,1";"1010,6";"1010,6";"1010,5";"0,0";"309,0";"1,6";"";"0,0"
"12/03/2025";"0300";"24,4";"24,6";"24,3";"98,0";"99,0";"98,0";"24,2";"24,3";"24,0";"1010,1";"1010,7";"1010,1";"0,1";"109,0";"1,1";"";"0,0"
"12/03/2025";"0400";"24,5";"24,6";"24,3";"98,0";"99,0";"98,0";"24,1";"24,3";"24,1";"1009,4";"1010,1";"1009,4";"0,0";"223,0";"2,3";"";"0,0"
"12/03/2025";"0500";"24,1";"24,5";"24,0";"99,0";"99,0";"98,0";"23,9";"24,2";"23,8";"1008,3";"1009,4";"1008,3";"0,1";"277,0";"0,7";"";"0,0"
"12/03/2025";"0600";"23,9";"24,0";"23,8";"99,0";"99,0";"99,0";"23,7";"23,8";"23,7";"1008,2";"1008,3";"1008,2";"0,5";"240,0";"1,8";"";"0,0"
"12/03/2025";"0700";"23,7";"24,0";"23,7";"100,0";"100,0";"99,0";"23,7";"23,9";"23,6";"1007,9";"1008,3";"1007,7";"0,3";"254,0";"1,8";"";"0,2"
"12/03/2025";"0800";"23,9";"23,9";"23,7";"100,0";"100,0";"100,0";"23,9";"23,9";"23,6";"1008,2";"1008,3";"1007,9";"0,1";"221,0";"2,0";"";"0,2"
"12/03/2025";"0900";"23,8";"23,9";"23,7";"100,0";"100,0";"100,0";"23,8";"23,9";"23,7";"1008,6";"1008,7";"1008,2";"0,0";"234,0";"1,5";"0,20";"0,0"
"12/03/2025";"1000";"23,9";"23,9";"23,8";"100,0";"100,0";"100,0";"23,9";"23,9";"23,7";"1009,9";"1009,9";"1008,6";"0,5";"80,0";"1,4";"17,20";"2,0"
"12/03/2025";"1100";"24,1";"24,1";"23,9";"100,0";"100,0";"100,0";"24,1";"24,1";"23,9";"1010,5";"1010,5";"1009,9";"0,2";"211,0";"3,5";"44,90";"11,6"
"12/03/2025";"1200";"24,6";"24,6";"24,0";"100,0";"100,0";"100,0";"24,6";"24,6";"24,0";"1011,4";"1011,4";"1010,5";"0,8";"105,0";"1,6";"293,40";"0,4"
"12/03/2025";"1300";"24,4";"25,0";"24,4";"97,0";"100,0";"97,0";"24,0";"24,8";"24,0";"1011,4";"1011,8";"1011,3";"1,7";"96,0";"3,9";"370,70";"2,0"
"12/03/2025";"1400";"24,7";"24,7";"24,2";"97,0";"98,0";"96,0";"24,2";"24,2";"23,6";"1011,2";"1011,6";"1011,2";"1,2";"100,0";"3,4";"500,00";"0,6"
"12/03/2025";"1500";"27,7";"27,7";"24,7";"88,0";"97,0";"87,0";"25,5";"25,7";"24,2";"1010,3";"1011,3";"1010,3";"2,0";"95,0";"4,0";"1936,70";"0,0"
"12/03/2025";"1600";"28,7";"29,0";"27,4";"80,0";"88,0";"78,0";"24,9";"25,8";"24,6";"1009,2";"1010,3";"1009,2";"3,2";"55,0";"6,6";"2545,20";"0,0"
"12/03/2025";"1700";"28,4";"29,8";"28,4";"83,0";"84,0";"75,0";"25,2";"26,0";"24,1";"1008,3";"1009,2";"1008,3";"2,5";"68,0";"8,4";"2403,00";"0,0"
"12/03/2025";"1800";"27,2";"28,6";"26,6";"87,0";"93,0";"83,0";"24,9";"26,0";"24,9";"1007,6";"1008,3";"1007,6";"1,4";"44,0";"4,3";"330,00";"0,2"
"12/03/2025";"1900";"27,6";"27,7";"27,1";"89,0";"89,0";"84,0";"25,6";"25,8";"24,6";"1007,3";"1007,8";"1007,2";"1,2";"48,0";"4,5";"670,20";"0,0"
"12/03/2025";"2000";"24,1";"27,6";"24,1";"97,0";"97,0";"84,0";"23,5";"25,6";"22,9";"1008,4";"1008,7";"1007,3";"0,9";"235,0";"6,8";"189,40";"0,8"
"12/03/2025";"2100";"24,0";"24,1";"23,9";"99,0";"99,0";"97,0";"23,8";"23,8";"23,4";"1008,7";"1008,7";"1008,0";"0,2";"278,0";"2,4";"31,00";"0,2"
"12/03/2025";"2200";"23,8";"24,0";"23,7";"99,0";"99,0";"98,0";"23,5";"23,8";"23,4";"1008,9";"1008,9";"1008,5";"0,0";"323,0";"1,3";"0,90";"0,0"
"12/03/2025";"2300";"23,6";"23,8";"23,6";"99,0";"99,0";"99,0";"23,4";"23,6";"23,4";"1009,2";"1009,2";"1008,9";"0,0";"277,0";"1,6";"";"0,2"
"13/03/2025";"0000";"23,7";"23,7";"23,5";"100,0";"100,0";"99,0";"23,6";"23,6";"23,3";"1009,9";"1009,9";"1009,2";"0,0";"219,0";"0,5";"";"0,4"
"13/03/2025";"0100";"23,7";"23,9";"23,7";"100,0";"100,0";"100,0";"23,6";"23,9";"23,6";"1010,3";"1010,4";"1009,9";"0,2";"271,0";"1,4";"";"0,4"
"13/03/2025";"0200";"23,5";"23,7";"23,5";"100,0";"100,0";"100,0";"23,5";"23,6";"23,5";"1010,7";"1010,8";"1010,3";"0,2";"274,0";"1,1";"";"0,0"
"13/03/2025";"0300";"23,4";"23,5";"23,4";"100,0";"100,0";"100,0";"23,4";"23,5";"23,4";"1010,1";"1010,7";"1010,1";"0,1";"271,0";"1,0";"";"0,0"
"13/03/2025";"0400";"23,6";"23,7";"23,4";"100,0";"100,0";"100,0";"23,6";"23,7";"23,4";"1009,3";"1010,1";"1009,3";"1,2";"213,0";"2,8";"";"6,0"
"13/03/2025";"0500";"23,8";"23,8";"23,6";"100,0";"100,0";"100,0";"23,8";"23,8";"23,6";"1008,7";"1009,4";"1008,7";"0,0";"260,0";"2,2";"";"0,2"
"13/03/2025";"0600";"23,4";"23,8";"23,4";"100,0";"100,0";"100,0";"23,4";"23,8";"23,4";"1008,4";"1008,7";"1008,3";"0,1";"237,0";"0,8";"";"0,0"
"13/03/2025";"0700";"23,3";"23,5";"23,3";"100,0";"100,0";"100,0";"23,2";"23,5";"23,2";"1008,4";"1008,5";"1008,2";"0,0";"210,0";"0,7";"";"0,0"
"13/03/2025";"0800";"23,6";"23,6";"23,2";"100,0";"100,0";"100,0";"23,6";"23,6";"23,2";"1008,8";"1008,8";"1008,2";"0,5";"97,0";"1,4";"";"1,0"
"13/03/2025";"0900";"23,6";"23,6";"23,5";"100,0";"100,0";"100,0";"23,6";"23,6";"23,5";"1008,8";"1008,8";"1008,7";"0,0";"335,0";"1,4";"";"3,4"
"13/03/2025";"1000";"24,1";"24,1";"23,6";"100,0";"100,0";"100,0";"24,1";"24,1";"23,6";"1009,3";"1009,3";"1008,8";"0,0";"256,0";"0,9";"77,90";"0,2"
"13/03/2025";"1100";"24,7";"24,8";"24,1";"100,0";"100,0";"100,0";"24,7";"24,8";"24,1";"1010,5";"1010,5";"1009,3";"0,0";"263,0";"2,5";"324,70";"0,0"
"13/03/2025";"1200";"25,5";"25,9";"24,7";"93,0";"100,0";"93,0";"24,3";"25,5";"24,3";"1011,3";"1011,3";"1010,5";"0,2";"281,0";"1,5";"925,60";"0,0"
"13/03/2025";"1300";"26,1";"26,6";"25,5";"92,0";"94,0";"89,0";"24,7";"25,2";"23,8";"1011,4";"1011,6";"1011,3";"0,2";"21,0";"1,2";"882,00";"0,0"
"13/03/2025";"1400";"27,5";"27,8";"26,1";"84,0";"93,0";"84,0";"24,6";"25,7";"24,6";"1011,1";"1011,4";"1011,0";"0,4";"315,0";"2,1";"1568,20";"0,0"
"13/03/2025";"1500";"28,3";"28,5";"27,4";"85,0";"87,0";"80,0";"25,5";"25,8";"24,4";"1010,3";"1011,1";"1010,3";"0,7";"340,0";"2,7";"1919,40";"0,0"
"13/03/2025";"1600";"29,4";"29,8";"28,2";"80,0";"85,0";"77,0";"25,5";"26,0";"24,5";"1009,0";"1010,3";"1009,0";"0,8";"12,0";"2,5";"2233,40";"0,2"
"13/03/2025";"1700";"29,4";"29,9";"28,8";"80,0";"84,0";"75,0";"25,5";"26,2";"25,1";"1007,9";"1009,0";"1007,9";"1,4";"32,0";"4,7";"2559,10";"0,0"
"13/03/2025";"1800";"29,3";"30,6";"28,8";"79,0";"81,0";"74,0";"25,2";"26,6";"24,6";"1007,1";"1008,0";"1007,1";"1,1";"30,0";"5,0";"2159,40";"0,0"
"13/03/2025";"1900";"27,9";"29,5";"27,9";"83,0";"84,0";"78,0";"24,8";"25,8";"24,7";"1007,4";"1007,4";"1007,1";"1,5";"36,0";"4,4";"670,40";"0,0"
"13/03/2025";"2000";"26,8";"27,9";"26,8";"88,0";"88,0";"83,0";"24,7";"25,1";"24,4";"1007,5";"1007,6";"1007,3";"0,5";"27,0";"4,2";"179,30";"0,0"
"13/03/2025";"2100";"25,0";"26,8";"25,0";"98,0";"98,0";"85,0";"24,5";"25,1";"23,2";"1008,2";"1008,2";"1007,4";"0,5";"300,0";"3,1";"19,10";"14,2"
"13/03/2025";"2200";"23,9";"24,9";"23,2";"99,0";"99,0";"96,0";"23,8";"24,4";"22,9";"1009,1";"1009,1";"1008,3";"0,1";"313,0";"3,3";"0,60";"13,0"
"13/03/2025";"2300";"23,5";"24,3";"23,3";"99,0";"99,0";"98,0";"23,4";"24,2";"23,2";"1009,7";"1009,9";"1009,1";"0,2";"220,0";"6,0";"0,30";"10,6"
"14/03/2025";"0000";"24,0";"24,0";"23,5";"100,0";"100,0";"99,0";"23,9";"23,9";"23,4";"1010,8";"1010,8";"1009,7";"0,0";"233,0";"1,0";"";"6,0"
"14/03/2025";"0100";"24,0";"24,0";"23,8";"100,0";"100,0";"100,0";"24,0";"24,0";"23,8";"1011,6";"1011,6";"1010,8";"0,2";"16,0";"2,7";"";"14,0"
"14/03/2025";"0200";"24,1";"24,1";"23,9";"100,0";"100,0";"100,0";"24,1";"24,1";"23,9";"1011,4";"1011,6";"1011,3";"0,0";"349,0";"2,3";"0,20";"2,2"
"14/03/2025";"0300";"24,1";"24,1";"24,0";"100,0";"100,0";"100,0";"24,1";"24,1";"24,0";"1010,7";"1011,5";"1010,7";"0,0";"294,0";"1,1";"0,30";"1,0"
"14/03/2025";"0400";"24,0";"24,2";"24,0";"100,0";"100,0";"100,0";"24,0";"24,1";"24,0";"1010,1";"1010,7";"1010,1";"0,0";"31,0";"0,9";"0,20";"0,0"
"14/03/2025";"0500";"23,6";"24,0";"23,5";"100,0";"100,0";"100,0";"23,6";"24,0";"23,5";"1009,1";"1010,0";"1009,1";"0,0";"288,0";"1,0";"";"0,0"
"14/03/2025";"0600";"23,6";"23,6";"23,4";"100,0";"100,0";"100,0";"23,6";"23,6";"23,4";"1008,3";"1009,1";"1008,3";"0,0";"331,0";"0,5";"";"0,0"
"14/03/2025";"0700";"23,5";"23,6";"23,4";"100,0";"100,0";"100,0";"23,5";"23,6";"23,4";"1007,8";"1008,3";"1007,8";"0,0";"259,0";"0,4";"";"0,0"
"14/03/2025";"0800";"23,4";"23,6";"23,4";"100,0";"100,0";"100,0";"23,4";"23,6";"23,4";"1007,8";"1007,8";"1007,5";"0,1";"173,0";"1,4";"";"0,0"
"14/03/2025";"0900";"23,1";"23,5";"23,0";"100,0";"100,0";"100,0";"23,1";"23,5";"23,0";"1008,6";"1008,6";"1007,7";"0,1";"115,0";"1,1";"";"0,0"
"14/03/2025";"1000";"23,7";"23,7";"23,1";"100,0";"100,0";"100,0";"23,7";"23,7";"23,1";"1008,9";"1008,9";"1008,6";"0,0";"148,0";"2,2";"110,80";"0,0"
"14/03/2025";"1100";"25,1";"25,1";"23,7";"100,0";"100,0";"100,0";"25,1";"25,1";"23,7";"1009,5";"1009,5";"1008,9";"0,4";"81,0";"1,6";"745,80";"0,2"
"14/03/2025";"1200";"26,8";"27,1";"24,8";"87,0";"100,0";"86,0";"24,5";"25,3";"24,0";"1010,1";"1010,1";"1009,5";"2,9";"83,0";"5,0";"1945,20";"0,0"
"14/03/2025";"1300";"27,6";"28,3";"26,8";"83,0";"89,0";"80,0";"24,5";"25,6";"24,3";"1010,4";"1010,4";"1010,0";"2,9";"78,0";"5,8";"1735,20";"0,0"
"14/03/2025";"1400";"29,6";"29,6";"27,5";"75,0";"84,0";"73,0";"24,6";"25,3";"23,8";"1009,7";"1010,4";"1009,7";"3,8";"65,0";"7,1";"2931,00";"0,0"
"14/03/2025";"1500";"29,7";"30,6";"29,6";"73,0";"75,0";"69,0";"24,3";"25,2";"23,7";"1008,8";"1009,8";"1008,8";"3,1";"70,0";"7,3";"3421,60";"0,0"
"14/03/2025";"1600";"30,2";"31,3";"29,4";"72,0";"76,0";"69,0";"24,7";"25,6";"24,0";"1007,8";"1008,8";"1007,8";"4,2";"77,0";"7,7";"2726,20";"0,0"
"14/03/2025";"1700";"30,8";"31,4";"30,1";"71,0";"74,0";"67,0";"25,1";"25,4";"24,0";"1006,7";"1007,8";"1006,7";"3,6";"68,0";"7,9";"3463,10";"0,0"
"14/03/2025";"1800";"28,6";"30,8";"28,6";"79,0";"79,0";"70,0";"24,7";"25,4";"24,4";"1006,3";"1006,7";"1006,2";"4,3";"66,0";"8,8";"1376,10";"0,0"
"14/03/2025";"1900";"27,7";"28,6";"27,7";"84,0";"86,0";"79,0";"24,7";"25,3";"24,4";"1005,8";"1006,3";"1005,8";"2,4";"62,0";"7,9";"420,50";"0,0"
"14/03/2025";"2000";"28,1";"28,4";"27,7";"79,0";"85,0";"78,0";"24,2";"25,1";"24,1";"1005,3";"1005,8";"1005,3";"2,2";"72,0";"5,6";"422,70";"0,0"
"14/03/2025";"2100";"27,1";"28,1";"27,1";"83,0";"84,0";"79,0";"24,1";"24,5";"24,1";"1005,6";"1005,6";"1005,2";"2,1";"78,0";"4,8";"160,30";"0,0"
"14/03/2025";"2200";"26,5";"27,1";"26,5";"88,0";"88,0";"83,0";"24,3";"24,3";"24,0";"1006,3";"1006,3";"1005,6";"2,6";"71,0";"5,0";"7,40";"0,0"
"14/03/2025";"2300";"25,9";"26,5";"25,9";"91,0";"91,0";"88,0";"24,3";"24,5";"24,3";"1007,1";"1007,1";"1006,3";"1,3";"93,0";"4,5";"";"0,0"
"15/03/2025";"0000";"25,5";"26,0";"25,5";"93,0";"94,0";"90,0";"24,3";"24,5";"24,2";"1007,6";"1007,6";"1007,1";"0,6";"73,0";"3,0";"";"0,0"
"15/03/2025";"0100";"24,9";"25,5";"24,9";"97,0";"97,0";"93,0";"24,4";"24,5";"24,3";"1008,2";"1008,3";"1007,6";"0,0";"103,0";"1,3";"";"0,0"
"15/03/2025";"0200";"24,8";"24,9";"24,7";"98,0";"98,0";"97,0";"24,4";"24,5";"24,3";"1008,0";"1008,2";"1008,0";"0,4";"79,0";"1,5";"";"0,0"
"15/03/2025";"0300";"24,5";"24,8";"24,5";"98,0";"98,0";"97,0";"24,1";"24,4";"24,1";"1007,4";"1008,0";"1007,4";"0,3";"50,0";"2,1";"";"0,0"
"15/03/2025";"0400";"24,2";"24,5";"24,0";"99,0";"99,0";"98,0";"24,0";"24,2";"23,7";"1006,7";"1007,4";"1006,7";"0,7";"44,0";"2,0";"";"0,0"
"15/03/2025";"0500";"23,8";"24,2";"23,8";"99,0";"99,0";"99,0";"23,7";"24,0";"23,7";"1006,4";"1006,8";"1006,4";"0,0";"58,0";"2,0";"";"0,0"
"15/03/2025";"0600";"23,6";"24,0";"23,6";"100,0";"100,0";"99,0";"23,5";"23,9";"23,5";"1006,7";"1006,7";"1006,4";"0,0";"351,0";"0,9";"";"0,0"
"15/03/2025";"0700";"23,7";"23,7";"23,3";"100,0";"100,0";"100,0";"23,7";"23,7";"23,3";"1006,8";"1006,9";"1006,6";"0,0";"254,0";"0,5";"";"0,0"
"15/03/2025";"0800";"23,5";"23,8";"23,3";"100,0";"100,0";"100,0";"23,5";"23,8";"23,3";"1006,9";"1006,9";"1006,7";"0,0";"277,0";"0,4";"";"0,0"
"15/03/2025";"0900";"23,5";"23,6";"23,4";"100,0";"100,0";"100,0";"23,5";"23,6";"23,4";"1007,4";"1007,4";"1006,9";"0,0";"285,0";"0,0";"";"0,0"
"15/03/2025";"1000";"24,4";"24,4";"23,3";"100,0";"100,0";"100,0";"24,4";"24,4";"23,3";"1007,7";"1007,8";"1007,4";"0,6";"64,0";"1,5";"150,50";"0,0"
"15/03/2025";"1100";"27,2";"27,2";"24,4";"88,0";"100,0";"87,0";"25,0";"25,2";"24,3";"1008,4";"1008,4";"1007,7";"2,6";"78,0";"4,8";"1302,20";"0,0"
"15/03/2025";"1200";"29,2";"29,3";"27,2";"76,0";"88,0";"76,0";"24,7";"25,3";"24,4";"1008,9";"1008,9";"1008,4";"3,4";"75,0";"6,6";"1890,80";"0,0"
"15/03/2025";"1300";"30,5";"30,5";"29,1";"73,0";"77,0";"71,0";"25,2";"25,4";"24,0";"1009,5";"1009,5";"1008,9";"3,5";"78,0";"7,8";"3042,20";"0,0"
"15/03/2025";"1400";"30,2";"30,6";"29,0";"69,0";"78,0";"68,0";"23,9";"25,5";"23,8";"1009,4";"1009,6";"1009,4";"4,5";"69,0";"8,3";"2672,50";"0,0"
"15/03/2025";"1500";"31,6";"31,7";"30,2";"68,0";"72,0";"66,0";"25,0";"25,4";"24,0";"1008,6";"1009,4";"1008,6";"3,4";"87,0";"8,3";"3767,50";"0,0"
"15/03/2025";"1600";"31,1";"32,2";"30,6";"71,0";"74,0";"65,0";"25,2";"25,9";"24,3";"1007,6";"1008,6";"1007,6";"4,4";"75,0";"7,4";"3216,20";"0,0"
"15/03/2025";"1700";"31,6";"32,0";"30,2";"69,0";"73,0";"66,0";"25,3";"25,8";"24,4";"1006,3";"1007,6";"1006,3";"4,1";"80,0";"8,4";"3201,60";"0,0"
"15/03/2025";"1800";"30,9";"31,7";"29,8";"68,0";"71,0";"67,0";"24,4";"25,3";"23,7";"1005,3";"1006,3";"1005,3";"4,7";"62,0";"9,6";"2620,60";"0,0"
"15/03/2025";"1900";"30,4";"31,3";"29,5";"71,0";"75,0";"67,0";"24,7";"24,9";"23,7";"1005,5";"1005,5";"1005,2";"3,7";"68,0";"10,0";"1637,40";"0,0"
"15/03/2025";"2000";"29,3";"30,4";"29,3";"71,0";"72,0";"67,0";"23,5";"24,5";"22,9";"1006,0";"1006,2";"1005,5";"3,7";"75,0";"7,3";"456,20";"0,0"
"15/03/2025";"2100";"28,1";"29,3";"28,1";"81,0";"81,0";"71,0";"24,5";"24,6";"23,5";"1006,1";"1006,1";"1005,9";"1,7";"61,0";"7,3";"123,90";"0,0"
"15/03/2025";"2200";"27,4";"28,1";"27,4";"87,0";"87,0";"81,0";"25,0";"25,1";"24,5";"1007,0";"1007,0";"1006,1";"2,0";"59,0";"4,4";"5,10";"0,0"
"15/03/2025";"2300";"25,9";"27,4";"25,9";"90,0";"90,0";"86,0";"24,1";"25,1";"23,9";"1008,4";"1008,4";"1007,0";"2,8";"67,0";"7,2";"";"0,0"
"16/03/2025";"0000";"25,2";"26,0";"25,2";"97,0";"97,0";"90,0";"24,7";"24,7";"24,1";"1009,0";"1009,0";"1008,4";"0,6";"88,0";"7,5";"";"0,2"
"16/03/2025";"0100";"24,9";"25,2";"24,8";"99,0";"99,0";"97,0";"24,7";"24,9";"24,6";"1009,8";"1009,8";"1009,0";"0,0";"245,0";"1,6";"";"0,0"
"16/03/2025";"0200";"24,9";"25,1";"24,9";"99,0";"100,0";"99,0";"24,8";"25,0";"24,7";"1009,9";"1010,1";"1009,8";"0,1";"206,0";"1,0";"";"0,2"
"16/03/2025";"0300";"24,9";"25,1";"24,8";"99,0";"99,0";"98,0";"24,6";"24,9";"24,6";"1009,6";"1010,4";"1009,6";"0,0";"227,0";"5,8";"";"0,4"
"16/03/2025";"0400";"24,7";"24,9";"24,6";"100,0";"100,0";"99,0";"24,7";"24,7";"24,5";"1008,9";"1009,6";"1008,9";"0,3";"243,0";"1,2";"";"0,0"
"16/03/2025";"0500";"24,5";"24,8";"24,4";"100,0";"100,0";"100,0";"24,5";"24,7";"24,4";"1008,4";"1008,9";"1008,4";"0,3";"262,0";"2,1";"";"0,0"
"16/03/2025";"0600";"24,4";"24,6";"24,4";"100,0";"100,0";"100,0";"24,3";"24,6";"24,3";"1008,3";"1008,7";"1008,2";"0,3";"268,0";"2,4";"";"5,0"
"16/03/2025";"0700";"24,2";"24,4";"24,2";"100,0";"100,0";"100,0";"24,2";"24,4";"24,2";"1008,3";"1008,4";"1008,3";"0,2";"280,0";"1,6";"";"1,0"
"16/03/2025";"0800";"24,0";"24,2";"23,9";"100,0";"100,0";"100,0";"24,0";"24,2";"23,9";"1008,2";"1008,3";"1008,1";"0,3";"6,0";"1,4";"";"1,0"
"16/03/2025";"0900";"23,7";"24,0";"23,7";"100,0";"100,0";"100,0";"23,7";"24,0";"23,7";"1008,5";"1008,5";"1008,2";"0,0";"280,0";"1,3";"";"0,0"
"16/03/2025";"1000";"24,0";"24,0";"23,6";"100,0";"100,0";"100,0";"24,0";"24,0";"23,6";"1009,2";"1009,2";"1008,4";"0,1";"281,0";"1,3";"38,70";"0,0"
"16/03/2025";"1100";"25,3";"25,3";"24,0";"100,0";"100,0";"100,0";"25,2";"25,2";"24,0";"1010,3";"1010,3";"1009,2";"0,5";"56,0";"1,5";"318,80";"0,0"
"16/03/2025";"1200";"26,8";"27,1";"25,2";"91,0";"100,0";"91,0";"25,1";"26,1";"24,8";"1011,0";"1011,0";"1010,3";"1,6";"85,0";"3,7";"1426,30";"0,2"
"16/03/2025";"1300";"26,6";"28,2";"26,6";"93,0";"95,0";"80,0";"25,5";"26,6";"23,7";"1011,6";"1011,6";"1011,0";"2,4";"55,0";"6,6";"1905,00";"0,6"
"16/03/2025";"1400";"28,6";"28,6";"26,6";"88,0";"95,0";"86,0";"26,3";"26,9";"25,1";"1011,0";"1011,6";"1011,0";"1,9";"62,0";"7,5";"2544,00";"0,4"
"16/03/2025";"1500";"25,9";"29,7";"25,9";"98,0";"98,0";"82,0";"25,6";"27,1";"24,9";"1010,7";"1011,1";"1010,7";"0,6";"22,0";"9,4";"1100,10";"10,4"
"16/03/2025";"1600";"26,9";"27,1";"24,9";"97,0";"100,0";"97,0";"26,5";"26,8";"24,9";"1009,5";"1010,7";"1009,5";"0,4";"293,0";"5,7";"909,80";"12,8"
"16/03/2025";"1700";"26,3";"27,0";"26,0";"99,0";"99,0";"95,0";"26,1";"26,5";"25,7";"1008,5";"1009,5";"1008,5";"0,2";"318,0";"4,9";"245,10";"4,0"
"16/03/2025";"1800";"26,1";"26,8";"26,1";"99,0";"99,0";"99,0";"25,8";"26,6";"25,8";"1008,2";"1008,5";"1007,9";"2,2";"78,0";"8,7";"157,60";"3,2"
"16/03/2025";"1900";"25,4";"26,0";"25,2";"99,0";"100,0";"99,0";"25,2";"25,8";"25,0";"1007,9";"1008,2";"1007,8";"0,1";"260,0";"8,7";"231,30";"6,6"
"16/03/2025";"2000";"24,4";"25,7";"24,4";"98,0";"99,0";"96,0";"24,1";"25,4";"24,0";"1008,6";"1008,6";"1007,7";"1,9";"53,0";"8,6";"306,80";"4,2"
"16/03/2025";"2100";"25,0";"25,0";"24,4";"100,0";"100,0";"99,0";"25,0";"25,0";"24,2";"1008,5";"1008,6";"1008,3";"0,6";"45,0";"5,8";"101,00";"1,2"
"16/03/2025";"2200";"25,0";"25,2";"25,0";"100,0";"100,0";"99,0";"25,0";"25,2";"24,9";"1008,7";"1008,9";"1008,5";"0,0";"330,0";"3,6";"5,90";"0,0"
"16/03/2025";"2300";"24,8";"25,0";"24,7";"100,0";"100,0";"100,0";"24,8";"25,0";"24,7";"1008,8";"1008,8";"1008,7";"0,1";"89,0";"1,9";"";"0,0"
"17/03/2025";"0000";"24,8";"24,9";"24,7";"100,0";"100,0";"100,0";"24,8";"24,9";"24,7";"1009,8";"1009,8";"1008,7";"0,0";"268,0";"1,0";"";"0,0"
"17/03/2025";"0100";"24,8";"24,8";"24,7";"100,0";"100,0";"100,0";"24,8";"24,8";"24,7";"1010,6";"1010,6";"1009,8";"0,0";"265,0";"0,7";"";"0,0"
"17/03/2025";"0200";"24,7";"24,8";"24,7";"100,0";"100,0";"100,0";"24,7";"24,8";"24,7";"1010,8";"1010,9";"1010,6";"0,0";"287,0";"1,4";"";"0,2"
"17/03/2025";"0300";"24,9";"24,9";"24,6";"100,0";"100,0";"100,0";"24,9";"24,9";"24,6";"1010,4";"1010,8";"1010,4";"0,4";"259,0";"2,1";"0,10";"1,0"
"17/03/2025";"0400";"24,7";"24,9";"24,7";"100,0";"100,0";"100,0";"24,7";"24,9";"24,7";"1009,6";"1010,4";"1009,6";"0,2";"232,0";"1,8";"0,40";"2,6"
"17/03/2025";"0500";"24,6";"24,8";"24,6";"100,0";"100,0";"100,0";"24,6";"24,7";"24,6";"1008,8";"1009,6";"1008,8";"0,0";"90,0";"2,5";"";"0,8"
"17/03/2025";"0600";"24,6";"24,6";"24,5";"100,0";"100,0";"100,0";"24,6";"24,6";"24,5";"1008,9";"1009,1";"1008,7";"0,2";"214,0";"0,7";"";"0,0"
"17/03/2025";"0700";"24,4";"24,6";"24,3";"100,0";"100,0";"100,0";"24,4";"24,6";"24,2";"1009,0";"1009,2";"1008,8";"1,2";"137,0";"3,1";"0,20";"8,6"
"17/03/2025";"0800";"24,4";"24,5";"24,4";"100,0";"100,0";"100,0";"24,4";"24,5";"24,4";"1009,1";"1009,1";"1008,9";"0,2";"144,0";"3,1";"";"1,6"
"17/03/2025";"0900";"24,4";"24,4";"24,4";"100,0";"100,0";"100,0";"24,4";"24,4";"24,4";"1009,4";"1009,4";"1009,1";"0,1";"197,0";"1,5";"";"0,4"
"17/03/2025";"1000";"24,5";"24,5";"24,4";"100,0";"100,0";"100,0";"24,5";"24,5";"24,4";"1010,2";"1010,2";"1009,4";"0,5";"151,0";"2,4";"9,30";"0,2"
"17/03/2025";"1100";"24,2";"24,5";"24,1";"100,0";"100,0";"100,0";"24,1";"24,5";"24,1";"1011,2";"1011,2";"1010,2";"0,8";"128,0";"2,9";"75,20";"0,8"
"17/03/2025";"1200";"24,3";"24,3";"24,1";"100,0";"100,0";"100,0";"24,3";"24,3";"24,1";"1012,2";"1012,2";"1011,2";"0,8";"108,0";"2,2";"148,30";"3,2"
"17/03/2025";"1300";"24,9";"24,9";"24,2";"100,0";"100,0";"100,0";"24,9";"24,9";"24,2";"1012,3";"1012,4";"1012,2";"0,9";"117,0";"2,5";"349,10";"1,8"
"17/03/2025";"1400";"25,7";"26,0";"24,7";"99,0";"100,0";"99,0";"25,5";"25,9";"24,7";"1012,4";"1012,5";"1012,3";"0,2";"48,0";"2,8";"944,50";"1,0"
"17/03/2025";"1500";"26,7";"27,1";"25,4";"87,0";"99,0";"87,0";"24,4";"25,8";"24,1";"1011,8";"1012,4";"1011,8";"0,8";"90,0";"2,5";"1727,10";"0,0"
"17/03/2025";"1600";"27,7";"27,8";"26,6";"86,0";"91,0";"86,0";"25,1";"25,7";"24,3";"1010,5";"1011,8";"1010,5";"1,8";"84,0";"4,5";"1782,60";"0,2"
"17/03/2025";"1700";"28,2";"28,6";"27,5";"84,0";"88,0";"80,0";"25,2";"26,1";"24,3";"1008,8";"1010,5";"1008,8";"1,4";"100,0";"4,5";"1827,50";"0,0"
"17/03/2025";"1800";"28,9";"29,2";"28,0";"83,0";"87,0";"77,0";"25,6";"25,7";"24,2";"1008,2";"1008,8";"1008,1";"1,7";"68,0";"3,5";"1780,00";"0,0"
"17/03/2025";"1900";"29,0";"29,1";"28,3";"82,0";"85,0";"79,0";"25,7";"25,8";"24,7";"1007,4";"1008,2";"1007,4";"1,9";"63,0";"4,8";"1150,70";"0,0"
"17/03/2025";"2000";"27,7";"29,0";"27,6";"86,0";"88,0";"82,0";"25,2";"25,7";"24,9";"1007,8";"1007,8";"1007,3";"1,3";"40,0";"4,7";"648,30";"0,0"
"17/03/2025";"2100";"26,4";"27,7";"26,4";"90,0";"91,0";"86,0";"24,7";"25,3";"24,6";"1008,0";"1008,0";"1007,8";"2,8";"78,0";"5,3";"207,20";"0,0"
"17/03/2025";"2200";"25,6";"26,4";"25,6";"96,0";"96,0";"90,0";"24,8";"24,9";"24,6";"1008,1";"1008,1";"1007,9";"0,6";"62,0";"4,5";"8,60";"0,0"
"17/03/2025";"2300";"25,3";"25,6";"25,3";"97,0";"97,0";"96,0";"24,8";"24,9";"24,8";"1009,0";"1009,0";"1008,1";"0,8";"50,0";"2,4";"";"0,0"
"18/03/2025";"0000";"25,2";"25,3";"25,2";"98,0";"98,0";"97,0";"24,9";"24,9";"24,8";"1009,9";"1009,9";"1009,0";"0,1";"71,0";"1,7";"";"0,0"
"18/03/2025";"0100";"25,1";"25,3";"25,1";"99,0";"99,0";"98,0";"25,0";"25,1";"24,9";"1010,8";"1010,8";"1009,9";"0,0";"263,0";"0,7";"";"0,0"
"18/03/2025";"0200";"24,9";"25,1";"24,6";"100,0";"100,0";"99,0";"24,9";"25,0";"24,6";"1010,7";"1010,9";"1010,7";"0,6";"73,0";"1,1";"";"0,0"
"18/03/2025";"0300";"24,7";"24,9";"24,6";"99,0";"100,0";"99,0";"24,6";"24,8";"24,5";"1010,3";"1010,7";"1010,3";"0,6";"87,0";"1,7";"";"0,0"
"18/03/2025";"0400";"24,4";"24,8";"24,4";"100,0";"100,0";"99,0";"24,4";"24,6";"24,3";"1009,5";"1010,3";"1009,5";"0,0";"133,0";"1,5";"";"0,0"
"18/03/2025";"0500";"24,3";"24,5";"24,0";"100,0";"100,0";"100,0";"24,3";"24,4";"24,0";"1008,8";"1009,5";"1008,7";"0,0";"22,0";"0,7";"";"0,0"
"18/03/2025";"0600";"23,9";"24,3";"23,9";"100,0";"100,0";"100,0";"23,9";"24,3";"23,9";"1008,5";"1008,8";"1008,4";"0,0";"103,0";"0,8";"";"0,0"
"18/03/2025";"0700";"24,0";"24,2";"23,9";"100,0";"100,0";"100,0";"24,0";"24,1";"23,9";"1008,4";"1008,5";"1008,2";"0,0";"251,0";"0,6";"";"0,0"
"18/03/2025";"0800";"24,0";"24,1";"23,9";"100,0";"100,0";"100,0";"24,0";"24,1";"23,9";"1008,7";"1008,7";"1008,4";"0,0";"224,0";"0,9";"";"0,0"
"18/03/2025";"0900";"23,9";"24,0";"23,7";"100,0";"100,0";"100,0";"23,9";"24,0";"23,7";"1009,2";"1009,2";"1008,7";"0,3";"252,0";"1,4";"";"0,0"
"18/03/2025";"1000";"24,3";"24,3";"23,8";"100,0";"100,0";"100,0";"24,3";"24,3";"23,8";"1009,8";"1009,8";"1009,2";"0,3";"251,0";"2,1";"118,20";"0,0"
"18/03/2025";"1100";"25,0";"25,1";"24,3";"100,0";"100,0";"100,0";"25,0";"25,1";"24,3";"1010,3";"1010,3";"1009,8";"0,2";"201,0";"2,2";"476,50";"0,0"
"18/03/2025";"1200";"25,9";"25,9";"25,0";"97,0";"100,0";"96,0";"25,4";"25,5";"25,0";"1010,5";"1010,7";"1010,3";"0,8";"212,0";"2,0";"546,10";"0,0"
"18/03/2025";"1300";"25,9";"26,1";"25,7";"98,0";"99,0";"96,0";"25,7";"25,8";"25,0";"1011,3";"1011,3";"1010,5";"0,1";"160,0";"2,5";"381,90";"1,0"
"18/03/2025";"1400";"27,3";"27,9";"25,9";"91,0";"99,0";"89,0";"25,7";"27,1";"25,3";"1011,2";"1011,4";"1011,1";"0,9";"42,0";"4,0";"1904,90";"0,2"
"18/03/2025";"1500";"26,5";"27,4";"25,9";"95,0";"100,0";"91,0";"25,7";"26,6";"25,7";"1010,6";"1011,2";"1010,6";"0,7";"25,0";"4,2";"951,30";"4,8"
"18/03/2025";"1600";"27,3";"27,5";"26,3";"90,0";"96,0";"90,0";"25,5";"26,2";"25,2";"1009,4";"1010,6";"1009,4";"1,9";"69,0";"3,8";"1338,60";"0,2"
"18/03/2025";"1700";"28,7";"28,7";"27,2";"83,0";"93,0";"83,0";"25,5";"26,2";"25,0";"1008,1";"1009,4";"1008,1";"1,9";"55,0";"5,2";"2143,50";"0,0"
"18/03/2025";"1800";"28,7";"29,2";"28,5";"81,0";"85,0";"76,0";"25,1";"26,3";"24,2";"1007,9";"1008,1";"1007,8";"2,8";"57,0";"5,5";"2192,20";"0,0"
"18/03/2025";"1900";"27,2";"28,7";"27,2";"86,0";"87,0";"81,0";"24,6";"25,3";"24,4";"1007,6";"1008,0";"1007,6";"3,4";"71,0";"6,5";"885,80";"0,0"
"18/03/2025";"2000";"26,9";"27,5";"26,8";"89,0";"90,0";"86,0";"24,8";"25,4";"24,4";"1008,2";"1008,2";"1007,6";"2,0";"72,0";"6,0";"544,40";"0,0"
"18/03/2025";"2100";"26,2";"26,9";"26,2";"91,0";"91,0";"86,0";"24,6";"25,0";"24,0";"1008,8";"1008,9";"1008,2";"1,1";"54,0";"5,0";"153,10";"0,0"
"18/03/2025";"2200";"25,6";"26,2";"25,5";"97,0";"97,0";"91,0";"25,0";"25,0";"24,6";"1009,2";"1009,2";"1008,8";"0,0";"293,0";"2,6";"3,50";"0,0"
"18/03/2025";"2300";"25,0";"25,6";"25,0";"99,0";"99,0";"97,0";"24,9";"25,2";"24,9";"1009,6";"1009,6";"1009,1";"0,0";"68,0";"0,6";"";"0,0"
"19/03/2025";"0000";"24,8";"25,1";"24,8";"99,0";"99,0";"99,0";"24,7";"24,9";"24,7";"1009,7";"1009,8";"1009,6";"0,0";"337,0";"0,9";"";"0,0"
"19/03/2025";"0100";"24,4";"24,8";"24,4";"100,0";"100,0";"99,0";"24,4";"24,7";"24,3";"1009,9";"1009,9";"1009,6";"0,0";"62,0";"0,6";"";"0,0"
"19/03/2025";"0200";"24,3";"24,6";"24,2";"100,0";"100,0";"100,0";"24,3";"24,6";"24,2";"1009,9";"1010,1";"1009,9";"0,1";"49,0";"1,1";"";"0,0"
"19/03/2025";"0300";"24,2";"24,5";"24,1";"100,0";"100,0";"100,0";"24,2";"24,4";"24,1";"1009,7";"1009,9";"1009,7";"0,0";"342,0";"0,8";"";"0,0"
"19/03/2025";"0400";"24,2";"24,3";"23,9";"100,0";"100,0";"100,0";"24,1";"24,3";"23,9";"1008,8";"1009,7";"1008,8";"0,0";"293,0";"0,5";"";"0,0"
"19/03/2025";"0500";"24,0";"24,2";"23,8";"100,0";"100,0";"100,0";"24,0";"24,2";"23,8";"1008,0";"1008,8";"1008,0";"0,0";"354,0";"0,5";"";"0,0"
"19/03/2025";"0600";"23,7";"24,0";"23,6";"100,0";"100,0";"100,0";"23,7";"23,9";"23,6";"1007,6";"1008,0";"1007,6";"0,0";"297,0";"0,0";"";"0,0"
"19/03/2025";"0700";"23,8";"23,9";"23,4";"100,0";"100,0";"100,0";"23,8";"23,8";"23,4";"1007,7";"1007,7";"1007,4";"0,0";"303,0";"0,3";"";"0,0"
"19/03/2025";"0800";"23,6";"23,9";"23,5";"100,0";"100,0";"100,0";"23,6";"23,9";"23,5";"1007,9";"1007,9";"1007,6";"0,0";"311,0";"0,1";"";"0,0"
"19/03/2025";"0900";"23,6";"23,7";"23,4";"100,0";"100,0";"100,0";"23,6";"23,7";"23,4";"1008,1";"1008,1";"1007,8";"0,0";"318,0";"0,0";"";"0,0"
"19/03/2025";"1000";"25,3";"25,4";"23,3";"100,0";"100,0";"100,0";"25,3";"25,4";"23,3";"1008,8";"1008,8";"1008,1";"0,0";"344,0";"1,5";"169,90";"0,0"
"19/03/2025";"1100";"26,9";"26,9";"25,1";"91,0";"100,0";"91,0";"25,4";"25,8";"24,9";"1009,4";"1009,4";"1008,8";"1,5";"61,0";"3,4";"976,50";"0,0"
"19/03/2025";"1200";"27,9";"28,0";"26,7";"84,0";"93,0";"83,0";"24,9";"25,6";"24,7";"1009,9";"1009,9";"1009,4";"3,2";"69,0";"5,8";"1148,90";"0,0"
"19/03/2025";"1300";"29,6";"29,9";"27,9";"72,0";"85,0";"71,0";"24,1";"25,6";"24,1";"1010,2";"1010,3";"1009,9";"4,3";"69,0";"7,7";"2811,30";"0,0"
"19/03/2025";"1400";"30,4";"30,7";"29,1";"74,0";"76,0";"67,0";"25,3";"25,5";"23,7";"1010,0";"1010,3";"1010,0";"4,1";"65,0";"8,1";"3070,30";"0,0"
"19/03/2025";"1500";"31,3";"31,5";"30,0";"71,0";"76,0";"68,0";"25,4";"25,8";"24,5";"1009,2";"1010,0";"1009,2";"3,3";"60,0";"8,4";"3466,70";"0,0"
"19/03/2025";"1600";"30,4";"32,0";"30,1";"74,0";"76,0";"68,0";"25,4";"26,0";"24,4";"1008,0";"1009,2";"1008,0";"4,7";"76,0";"9,1";"3023,20";"0,0"
"19/03/2025";"1700";"30,9";"31,1";"29,9";"72,0";"79,0";"70,0";"25,2";"26,3";"24,4";"1006,8";"1008,0";"1006,8";"4,8";"66,0";"9,4";"2597,90";"0,0"
"19/03/2025";"1800";"30,3";"31,2";"29,7";"74,0";"77,0";"69,0";"25,1";"25,6";"24,5";"1006,0";"1006,8";"1006,0";"5,7";"67,0";"10,1";"2840,10";"0,0"
"19/03/2025";"1900";"30,0";"31,0";"29,8";"74,0";"76,0";"71,0";"24,9";"25,5";"24,7";"1005,6";"1006,2";"1005,6";"4,8";"63,0";"10,1";"1887,20";"0,0"
"19/03/2025";"2000";"28,0";"30,0";"27,8";"87,0";"88,0";"74,0";"25,7";"25,7";"24,6";"1006,2";"1006,2";"1005,5";"2,6";"66,0";"9,3";"628,20";"0,0"
"19/03/2025";"2100";"26,2";"28,0";"25,8";"100,0";"100,0";"86,0";"26,1";"26,3";"25,0";"1006,7";"1006,7";"1006,2";"1,6";"70,0";"11,4";"87,70";"6,0"
"19/03/2025";"2200";"26,0";"26,3";"25,8";"100,0";"100,0";"97,0";"26,0";"26,2";"25,4";"1007,3";"1007,3";"1006,7";"0,4";"96,0";"3,9";"3,30";"1,6"
"19/03/2025";"2300";"25,7";"26,0";"25,7";"100,0";"100,0";"98,0";"25,7";"26,0";"25,6";"1008,1";"1008,1";"1007,2";"0,5";"57,0";"4,3";"";"0,2"
"20/03/2025";"0000";"25,6";"25,8";"25,6";"100,0";"100,0";"100,0";"25,6";"25,8";"25,6";"1009,0";"1009,0";"1008,1";"0,2";"90,0";"2,5";"";"0,2"
"20/03/2025";"0100";"25,5";"25,7";"25,5";"100,0";"100,0";"100,0";"25,5";"25,7";"25,5";"1009,5";"1009,5";"1009,0";"0,0";"163,0";"2,3";"";"0,0"
"20/03/2025";"0200";"25,5";"25,6";"25,4";"100,0";"100,0";"100,0";"25,5";"25,6";"25,4";"1009,8";"1009,9";"1009,5";"0,8";"96,0";"4,8";"0,10";"2,2"
"20/03/2025";"0300";"25,6";"25,6";"25,4";"100,0";"100,0";"100,0";"25,5";"25,6";"25,4";"1009,3";"1009,8";"1009,3";"0,4";"75,0";"3,5";"";"0,8"
"20/03/2025";"0400";"25,0";"25,6";"25,0";"100,0";"100,0";"100,0";"24,9";"25,5";"24,9";"1008,8";"1009,3";"1008,8";"0,0";"249,0";"1,2";"";"0,0"
"20/03/2025";"0500";"25,0";"25,0";"24,9";"100,0";"100,0";"100,0";"25,0";"25,0";"24,8";"1008,6";"1008,9";"1008,5";"0,0";"218,0";"1,4";"";"0,4"
"20/03/2025";"0600";"24,5";"25,0";"24,4";"100,0";"100,0";"100,0";"24,5";"24,9";"24,4";"1008,1";"1008,6";"1008,0";"0,0";"131,0";"1,4";"";"0,0"
"20/03/2025";"0700";"24,2";"24,5";"24,2";"100,0";"100,0";"100,0";"24,2";"24,5";"24,2";"1008,2";"1008,2";"1008,1";"0,0";"244,0";"0,7";"";"0,0"
"20/03/2025";"0800";"24,3";"24,4";"24,2";"100,0";"100,0";"100,0";"24,3";"24,4";"24,2";"1008,6";"1008,6";"1008,2";"0,0";"290,0";"0,4";"";"0,0"
"20/03/2025";"0900";"24,1";"24,4";"24,1";"100,0";"100,0";"100,0";"24,1";"24,4";"24,1";"1008,7";"1008,7";"1008,4";"0,0";"140,0";"0,7";"";"0,0"
"20/03/2025";"1000";"24,6";"24,6";"24,1";"100,0";"100,0";"100,0";"24,6";"24,6";"24,1";"1009,5";"1009,5";"1008,7";"0,4";"246,0";"1,3";"99,60";"0,0"
"20/03/2025";"1100";"25,9";"25,9";"24,6";"100,0";"100,0";"100,0";"25,9";"25,9";"24,7";"1010,5";"1010,5";"1009,5";"0,7";"192,0";"1,6";"792,80";"0,0"
"20/03/2025";"1200";"25,7";"26,1";"25,1";"100,0";"100,0";"96,0";"25,6";"25,9";"24,7";"1011,3";"1011,3";"1010,5";"1,2";"111,0";"5,6";"542,50";"1,8"
"20/03/2025";"1300";"26,8";"26,9";"25,6";"90,0";"100,0";"87,0";"25,1";"25,8";"24,5";"1011,9";"1011,9";"1011,3";"1,6";"101,0";"4,8";"1842,90";"0,0"
"20/03/2025";"1400";"28,5";"28,6";"26,8";"83,0";"92,0";"82,0";"25,3";"26,0";"24,6";"1011,3";"1012,0";"1011,3";"2,4";"81,0";"5,5";"2602,70";"0,0"
"20/03/2025";"1500";"29,4";"29,7";"28,4";"77,0";"85,0";"77,0";"25,0";"26,1";"25,0";"1010,7";"1011,3";"1010,7";"2,7";"54,0";"7,0";"2734,00";"0,0"
"20/03/2025";"1600";"30,6";"30,8";"29,4";"73,0";"81,0";"72,0";"25,2";"25,9";"24,8";"1009,5";"1010,7";"1009,5";"3,2";"67,0";"7,5";"3303,50";"0,2"
"20/03/2025";"1700";"30,2";"30,8";"29,7";"73,0";"78,0";"69,0";"24,8";"25,7";"24,3";"1008,6";"1009,5";"1008,6";"4,0";"66,0";"8,0";"2989,30";"0,0"
"20/03/2025";"1800";"29,4";"30,8";"29,3";"75,0";"76,0";"70,0";"24,6";"25,7";"23,8";"1007,8";"1008,6";"1007,8";"4,2";"62,0";"7,9";"2135,00";"0,0"
"20/03/2025";"1900";"29,0";"29,4";"29,0";"80,0";"80,0";"75,0";"25,1";"25,3";"24,4";"1007,4";"1007,8";"1007,3";"3,9";"66,0";"8,2";"941,10";"0,0"
"20/03/2025";"2000";"26,8";"29,0";"26,2";"98,0";"100,0";"79,0";"26,5";"26,7";"24,9";"1007,8";"1007,9";"1007,4";"1,7";"50,0";"11,1";"414,50";"5,2"
"20/03/2025";"2100";"26,4";"26,9";"26,3";"97,0";"99,0";"94,0";"25,9";"26,6";"25,3";"1008,5";"1008,5";"1007,8";"2,0";"52,0";"5,0";"270,20";"0,0"
"20/03/2025";"2200";"26,3";"26,4";"26,3";"100,0";"100,0";"97,0";"26,3";"26,4";"25,9";"1009,0";"1009,0";"1008,5";"0,2";"66,0";"5,0";"13,60";"0,0"
"20/03/2025";"2300";"26,0";"26,3";"26,0";"100,0";"100,0";"100,0";"26,0";"26,3";"26,0";"1009,9";"1009,9";"1009,0";"0,7";"45,0";"2,9";"";"0,2"
"21/03/2025";"0000";"25,3";"26,0";"25,3";"100,0";"100,0";"99,0";"25,3";"25,9";"25,3";"1010,7";"1011,0";"1009,8";"2,3";"54,0";"6,6";"0,10";"7,4"
"21/03/2025";"0100";"24,7";"25,3";"24,7";"100,0";"100,0";"100,0";"24,7";"25,3";"24,7";"1011,1";"1011,1";"1010,7";"0,2";"60,0";"6,6";"0,20";"0,6"
"21/03/2025";"0200";"24,6";"24,8";"24,6";"100,0";"100,0";"100,0";"24,6";"24,8";"24,6";"1010,8";"1011,3";"1010,8";"0,2";"299,0";"1,0";"";"0,2"
"21/03/2025";"0300";"24,6";"24,7";"24,5";"100,0";"100,0";"100,0";"24,5";"24,7";"24,5";"1010,4";"1010,9";"1010,4";"0,0";"258,0";"1,0";"";"0,0"
"21/03/2025";"0400";"24,6";"24,6";"24,4";"100,0";"100,0";"100,0";"24,6";"24,6";"24,4";"1009,9";"1010,4";"1009,9";"0,0";"275,0";"1,5";"";"0,4"
"21/03/2025";"0500";"24,7";"24,7";"24,5";"100,0";"100,0";"100,0";"24,7";"24,7";"24,5";"1009,3";"1009,9";"1009,2";"0,1";"312,0";"0,9";"";"0,0"
"21/03/2025";"0600";"24,5";"24,7";"24,5";"100,0";"100,0";"100,0";"24,5";"24,7";"24,5";"1009,0";"1009,3";"1008,9";"0,3";"125,0";"2,1";"";"5,6"
"21/03/2025";"0700";"24,4";"24,5";"24,4";"100,0";"100,0";"100,0";"24,4";"24,5";"24,4";"1008,8";"1009,0";"1008,7";"0,0";"224,0";"1,6";"0,10";"0,8"
"21/03/2025";"0800";"24,4";"24,5";"24,4";"100,0";"100,0";"100,0";"24,4";"24,5";"24,3";"1008,9";"1009,0";"1008,8";"0,4";"239,0";"1,4";"";"0,0"
"21/03/2025";"0900";"24,2";"24,4";"24,2";"100,0";"100,0";"100,0";"24,2";"24,4";"24,2";"1009,4";"1009,4";"1008,9";"0,1";"217,0";"1,2";"";"0,4"
"21/03/2025";"1000";"24,6";"24,6";"24,2";"100,0";"100,0";"100,0";"24,6";"24,6";"24,2";"1010,1";"1010,1";"1009,4";"0,6";"256,0";"2,5";"164,70";"0,0"
"21/03/2025";"1100";"25,5";"25,5";"24,6";"100,0";"100,0";"100,0";"25,5";"25,5";"24,6";"1010,8";"1010,8";"1010,1";"0,6";"234,0";"2,9";"644,70";"0,0"
"21/03/2025";"1200";"25,8";"25,8";"25,4";"100,0";"100,0";"97,0";"25,7";"25,7";"25,0";"1011,6";"1011,6";"1010,8";"0,2";"30,0";"2,2";"491,00";"0,0"
"21/03/2025";"1300";"25,8";"26,3";"25,7";"100,0";"100,0";"97,0";"25,8";"25,9";"25,3";"1012,3";"1012,3";"1011,6";"1,1";"56,0";"2,3";"555,80";"3,0"
"21/03/2025";"1400";"25,2";"26,0";"25,1";"100,0";"100,0";"100,0";"25,2";"26,0";"25,1";"1012,3";"1012,4";"1012,2";"2,0";"50,0";"5,0";"492,70";"5,0"
"21/03/2025";"1500";"24,9";"25,2";"24,9";"100,0";"100,0";"100,0";"24,9";"25,2";"24,9";"1011,6";"1012,3";"1011,6";"1,8";"80,0";"4,8";"698,80";"1,4"
"21/03/2025";"1600";"25,4";"25,6";"25,0";"97,0";"100,0";"97,0";"25,0";"25,5";"24,6";"1010,6";"1011,6";"1010,6";"0,5";"99,0";"3,7";"926,60";"0,2"
"21/03/2025";"1700";"26,1";"26,1";"25,4";"97,0";"98,0";"94,0";"25,6";"25,6";"24,7";"1009,9";"1010,6";"1009,9";"1,3";"82,0";"3,0";"661,80";"0,0"
"21/03/2025";"1800";"26,4";"26,4";"25,9";"95,0";"97,0";"93,0";"25,5";"25,7";"24,7";"1009,0";"1009,9";"1008,9";"0,1";"346,0";"3,2";"698,90";"0,0"
"21/03/2025";"1900";"26,7";"26,7";"26,2";"95,0";"95,0";"92,0";"25,8";"25,8";"24,8";"1009,2";"1009,2";"1008,8";"0,2";"354,0";"1,9";"532,00";"0,0"
"21/03/2025";"2000";"26,4";"26,7";"26,2";"95,0";"96,0";"93,0";"25,6";"25,8";"25,1";"1009,3";"1009,3";"1008,9";"0,1";"310,0";"2,2";"305,80";"0,0"
"21/03/2025";"2100";"26,0";"26,6";"26,0";"99,0";"99,0";"95,0";"25,8";"25,9";"25,4";"1009,8";"1009,9";"1009,3";"0,0";"287,0";"1,0";"171,60";"0,0"
"21/03/2025";"2200";"25,4";"26,0";"25,3";"100,0";"100,0";"99,0";"25,3";"25,8";"25,3";"1010,7";"1010,7";"1009,8";"0,0";"293,0";"0,5";"8,10";"0,0"
"21/03/2025";"2300";"25,2";"25,4";"25,2";"100,0";"100,0";"100,0";"25,2";"25,4";"25,2";"1011,0";"1011,1";"1010,7";"0,3";"230,0";"0,9";"";"0,0"
"22/03/2025";"0000";"25,0";"25,3";"24,9";"100,0";"100,0";"100,0";"25,0";"25,3";"24,9";"1011,5";"1011,5";"1010,9";"0,1";"264,0";"1,3";"";"0,0"
"22/03/2025";"0100";"24,8";"25,0";"24,8";"100,0";"100,0";"100,0";"24,8";"25,0";"24,8";"1011,9";"1011,9";"1011,5";"0,0";"298,0";"1,0";"";"0,0"
"22/03/2025";"0200";"24,5";"24,8";"24,5";"100,0";"100,0";"100,0";"24,5";"24,8";"24,4";"1011,9";"1012,1";"1011,9";"0,2";"250,0";"1,1";"";"0,0"
"22/03/2025";"0300";"24,3";"24,6";"24,3";"100,0";"100,0";"100,0";"24,3";"24,6";"24,3";"1011,3";"1011,9";"1011,3";"0,0";"267,0";"1,7";"";"0,0"
"22/03/2025";"0400";"24,3";"24,4";"24,2";"100,0";"100,0";"100,0";"24,3";"24,4";"24,2";"1010,6";"1011,3";"1010,6";"0,0";"210,0";"0,6";"";"0,2"
"22/03/2025";"0500";"24,2";"24,3";"24,2";"100,0";"100,0";"100,0";"24,2";"24,3";"24,2";"1010,1";"1010,6";"1010,1";"0,0";"3,0";"0,4";"";"0,4"
"22/03/2025";"0600";"24,4";"24,4";"24,2";"100,0";"100,0";"100,0";"24,4";"24,4";"24,2";"1009,7";"1010,1";"1009,7";"0,0";"5,0";"0,4";"";"0,8"
"22/03/2025";"0700";"24,4";"24,4";"24,3";"100,0";"100,0";"100,0";"24,4";"24,4";"24,3";"1009,6";"1009,8";"1009,6";"0,0";"85,0";"0,0";"";"0,0"
"22/03/2025";"0800";"24,1";"24,4";"24,1";"100,0";"100,0";"100,0";"24,1";"24,4";"24,1";"1009,6";"1009,7";"1009,5";"0,0";"5,0";"0,2";"";"0,0"
"22/03/2025";"0900";"23,9";"24,1";"23,9";"100,0";"100,0";"100,0";"23,9";"24,1";"23,9";"1009,8";"1009,8";"1009,5";"0,0";"133,0";"0,9";"";"0,0"
"22/03/2025";"1000";"24,7";"24,8";"23,8";"100,0";"100,0";"100,0";"24,7";"24,8";"23,8";"1010,3";"1010,3";"1009,8";"0,1";"120,0";"0,9";"157,50";"0,2"
"22/03/2025";"1100";"26,0";"26,2";"24,6";"95,0";"100,0";"95,0";"25,1";"25,7";"24,6";"1011,1";"1011,2";"1010,3";"1,2";"99,0";"3,0";"1051,80";"0,0"
"22/03/2025";"1200";"27,8";"27,8";"26,0";"94,0";"96,0";"91,0";"26,7";"26,9";"25,1";"1011,7";"1011,7";"1011,1";"1,7";"85,0";"4,2";"1378,00";"0,0"
"22/03/2025";"1300";"28,4";"28,9";"27,5";"81,0";"94,0";"80,0";"24,8";"26,6";"24,8";"1011,7";"1011,8";"1011,6";"4,1";"86,0";"7,2";"2123,60";"0,0"
"22/03/2025";"1400";"29,7";"29,8";"28,2";"79,0";"85,0";"78,0";"25,7";"26,1";"24,8";"1011,5";"1011,8";"1011,5";"3,7";"72,0";"8,5";"2941,50";"0,0"
"22/03/2025";"1500";"30,7";"30,7";"29,4";"72,0";"82,0";"71,0";"25,1";"26,0";"24,3";"1010,9";"1011,5";"1010,9";"4,5";"70,0";"8,6";"3767,20";"0,0"
"22/03/2025";"1600";"30,4";"30,7";"29,8";"73,0";"76,0";"71,0";"24,9";"25,5";"24,7";"1009,8";"1010,9";"1009,8";"4,8";"66,0";"10,5";"3746,90";"0,0"
"22/03/2025";"1700";"30,0";"30,8";"29,7";"75,0";"78,0";"71,0";"25,2";"25,6";"24,6";"1008,8";"1009,8";"1008,8";"3,5";"75,0";"10,1";"2818,00";"0,0"
"22/03/2025";"1800";"30,4";"30,8";"30,1";"72,0";"76,0";"71,0";"24,9";"25,6";"24,7";"1008,0";"1008,8";"1008,0";"4,1";"80,0";"8,0";"3070,90";"0,0"
"22/03/2025";"1900";"29,8";"30,5";"29,8";"75,0";"77,0";"72,0";"24,8";"25,4";"24,8";"1007,4";"1008,0";"1007,4";"3,8";"66,0";"8,2";"1678,50";"0,0"
"22/03/2025";"2000";"28,9";"30,0";"28,9";"79,0";"79,0";"74,0";"25,0";"25,2";"24,6";"1007,5";"1007,5";"1007,1";"3,6";"56,0";"8,4";"608,00";"0,0"
"22/03/2025";"2100";"27,7";"28,9";"27,7";"84,0";"85,0";"78,0";"24,9";"25,2";"24,4";"1008,2";"1008,2";"1007,5";"3,4";"66,0";"6,8";"113,60";"0,0"
"22/03/2025";"2200";"26,9";"27,7";"26,9";"90,0";"90,0";"84,0";"25,1";"25,1";"24,8";"1008,6";"1008,6";"1008,2";"1,7";"63,0";"6,4";"4,50";"0,0"
"22/03/2025";"2300";"26,2";"26,9";"26,2";"93,0";"94,0";"90,0";"25,0";"25,3";"25,0";"1009,1";"1009,1";"1008,6";"1,7";"65,0";"5,5";"";"0,0"
"23/03/2025";"0000";"25,5";"26,2";"25,5";"99,0";"99,0";"93,0";"25,3";"25,3";"25,0";"1009,7";"1009,7";"1009,1";"0,5";"54,0";"3,7";"";"0,0"
"23/03/2025";"0100";"25,4";"25,6";"25,4";"98,0";"99,0";"98,0";"25,1";"25,4";"25,1";"1010,0";"1010,0";"1009,7";"0,2";"44,0";"2,2";"";"0,0"
"23/03/2025";"0200";"25,1";"25,4";"25,1";"100,0";"100,0";"98,0";"25,1";"25,2";"24,9";"1010,0";"1010,3";"1010,0";"0,0";"45,0";"1,7";"";"0,0"
"23/03/2025";"0300";"24,5";"25,1";"24,5";"100,0";"100,0";"100,0";"24,5";"25,1";"24,5";"1009,1";"1010,0";"1009,1";"0,1";"45,0";"1,2";"";"0,0"
"23/03/2025";"0400";"24,7";"24,9";"24,5";"100,0";"100,0";"100,0";"24,7";"24,8";"24,5";"1008,6";"1009,1";"1008,6";"0,0";"338,0";"1,0";"";"0,0"
"23/03/2025";"0500";"24,5";"24,8";"24,5";"100,0";"100,0";"100,0";"24,5";"24,8";"24,5";"1008,5";"1008,7";"1008,5";"0,0";"257,0";"0,9";"";"0,0"
"23/03/2025";"0600";"24,2";"24,7";"24,2";"100,0";"100,0";"100,0";"24,2";"24,6";"24,2";"1008,2";"1008,5";"1008,2";"0,0";"291,0";"0,4";"";"0,0"
"23/03/2025";"0700";"24,0";"24,3";"24,0";"100,0";"100,0";"100,0";"24,0";"24,3";"24,0";"1008,2";"1008,3";"1008,2";"0,0";"119,0";"0,2";"";"0,0"
"23/03/2025";"0800";"23,8";"24,2";"23,8";"100,0";"100,0";"100,0";"23,7";"24,2";"23,7";"1008,0";"1008,2";"1008,0";"0,0";"333,0";"0,5";"";"0,0"
"23/03/2025";"0900";"23,5";"23,9";"23,5";"100,0";"100,0";"100,0";"23,5";"23,9";"23,5";"1008,4";"1008,4";"1008,0";"0,0";"324,0";"0,3";"0,20";"0,0"
"23/03/2025";"1000";"24,6";"24,6";"23,5";"100,0";"100,0";"100,0";"24,6";"24,6";"23,5";"1009,2";"1009,2";"1008,4";"0,0";"167,0";"1,1";"182,90";"0,0"
"23/03/2025";"1100";"26,6";"26,6";"24,6";"91,0";"100,0";"91,0";"25,0";"25,4";"24,7";"1009,6";"1009,6";"1009,2";"1,3";"95,0";"3,3";"830,80";"0,0"
"23/03/2025";"1200";"28,7";"28,7";"26,5";"80,0";"92,0";"79,0";"24,8";"25,7";"24,8";"1010,2";"1010,2";"1009,6";"3,4";"76,0";"7,1";"1542,10";"0,0"
"23/03/2025";"1300";"29,0";"29,7";"28,5";"77,0";"80,0";"73,0";"24,5";"24,8";"24,0";"1011,0";"1011,0";"1010,2";"3,5";"74,0";"8,3";"2043,40";"0,0"
"23/03/2025";"1400";"30,1";"30,6";"29,0";"71,0";"77,0";"68,0";"24,2";"25,2";"23,8";"1011,0";"1011,1";"1011,0";"3,8";"67,0";"8,5";"2319,60";"0,0"
"23/03/2025";"1500";"31,1";"31,2";"29,9";"69,0";"75,0";"68,0";"24,8";"25,4";"23,7";"1010,3";"1011,0";"1010,3";"3,4";"68,0";"8,5";"3178,20";"0,0"
"23/03/2025";"1600";"30,1";"31,3";"30,0";"71,0";"73,0";"65,0";"24,3";"25,2";"23,7";"1009,2";"1010,3";"1009,2";"3,6";"80,0";"8,5";"1919,10";"0,0"
"23/03/2025";"1700";"28,9";"30,8";"27,1";"81,0";"88,0";"70,0";"25,4";"26,0";"23,5";"1008,3";"1009,2";"1008,2";"2,0";"59,0";"7,6";"1844,50";"0,2"
"23/03/2025";"1800";"30,1";"30,9";"28,9";"74,0";"83,0";"72,0";"25,0";"25,9";"24,4";"1007,7";"1008,3";"1007,6";"4,2";"63,0";"8,6";"2601,90";"0,0"
"23/03/2025";"1900";"29,0";"30,1";"29,0";"78,0";"78,0";"72,0";"24,7";"25,2";"24,1";"1007,2";"1007,7";"1007,2";"4,7";"68,0";"8,6";"1123,10";"0,0"
"23/03/2025";"2000";"28,7";"29,0";"28,6";"80,0";"80,0";"77,0";"24,9";"25,1";"24,4";"1007,1";"1007,2";"1007,0";"3,4";"67,0";"7,9";"484,90";"0,0"
"23/03/2025";"2100";"27,8";"28,7";"27,8";"83,0";"83,0";"78,0";"24,7";"24,9";"24,3";"1007,3";"1007,3";"1007,1";"2,9";"61,0";"7,0";"212,60";"0,0"
"23/03/2025";"2200";"26,8";"27,8";"26,8";"90,0";"90,0";"83,0";"25,0";"25,0";"24,6";"1007,6";"1007,6";"1007,2";"1,1";"53,0";"6,0";"5,40";"0,0"
"23/03/2025";"2300";"26,4";"26,8";"26,4";"93,0";"93,0";"89,0";"25,2";"25,2";"24,9";"1008,1";"1008,1";"1007,6";"1,4";"63,0";"2,9";"";"0,0"
"24/03/2025";"0000";"26,0";"26,4";"26,0";"94,0";"95,0";"93,0";"24,9";"25,2";"24,9";"1008,3";"1008,3";"1008,1";"1,3";"70,0";"3,1";"";"0,0"
"24/03/2025";"0100";"25,2";"26,0";"25,2";"100,0";"100,0";"93,0";"25,2";"25,3";"24,9";"1009,0";"1009,0";"1008,3";"0,1";"83,0";"3,0";"";"0,0"
"24/03/2025";"0200";"25,0";"25,3";"24,8";"100,0";"100,0";"99,0";"24,9";"25,3";"24,8";"1009,1";"1009,3";"1009,0";"0,3";"61,0";"1,7";"";"0,0"
"24/03/2025";"0300";"25,0";"25,1";"24,8";"100,0";"100,0";"100,0";"25,0";"25,1";"24,8";"1008,9";"1009,1";"1008,9";"0,0";"293,0";"1,1";"";"0,0"
"24/03/2025";"0400";"24,7";"25,1";"24,7";"100,0";"100,0";"100,0";"24,7";"25,1";"24,7";"1008,0";"1008,9";"1007,9";"0,1";"40,0";"0,9";"";"0,0"
"24/03/2025";"0500";"24,7";"24,8";"24,5";"100,0";"100,0";"100,0";"24,7";"24,8";"24,5";"1007,7";"1008,0";"1007,7";"0,1";"288,0";"0,7";"";"0,0"
"24/03/2025";"0600";"24,2";"24,7";"24,2";"100,0";"100,0";"100,0";"24,1";"24,7";"24,1";"1007,4";"1007,8";"1007,3";"0,0";"140,0";"0,5";"";"0,0"
"24/03/2025";"0700";"24,1";"24,4";"24,0";"100,0";"100,0";"100,0";"24,1";"24,4";"24,0";"1007,5";"1007,5";"1007,3";"0,0";"240,0";"0,5";"";"0,0"
"24/03/2025";"0800";"23,8";"24,2";"23,8";"100,0";"100,0";"100,0";"23,8";"24,2";"23,8";"1007,7";"1007,7";"1007,4";"0,1";"254,0";"0,8";"";"0,0"
"24/03/2025";"0900";"23,7";"23,9";"23,6";"100,0";"100,0";"100,0";"23,7";"23,9";"23,6";"1008,2";"1008,2";"1007,7";"0,0";"245,0";"0,9";"";"0,0"
"24/03/2025";"1000";"24,7";"24,7";"23,7";"100,0";"100,0";"100,0";"24,7";"24,7";"23,7";"1008,9";"1008,9";"1008,2";"0,0";"251,0";"0,7";"119,80";"0,0"
"24/03/2025";"1100";"27,0";"27,0";"24,7";"91,0";"100,0";"89,0";"25,3";"25,7";"24,8";"1009,7";"1009,7";"1008,9";"0,6";"122,0";"1,6";"886,40";"0,0"
"24/03/2025";"1200";"28,6";"29,1";"27,0";"81,0";"91,0";"79,0";"25,1";"26,2";"24,8";"1009,8";"1009,9";"1009,7";"2,9";"84,0";"6,2";"1769,60";"0,0"
"24/03/2025";"1300";"29,9";"30,3";"28,6";"73,0";"84,0";"72,0";"24,5";"25,8";"24,4";"1010,1";"1010,1";"1009,8";"2,9";"69,0";"6,4";"2343,00";"0,0"
"24/03/2025";"1400";"30,9";"31,1";"29,7";"70,0";"75,0";"68,0";"24,7";"25,5";"24,1";"1009,7";"1010,1";"1009,7";"3,8";"64,0";"7,6";"3006,30";"0,0"
"24/03/2025";"1500";"31,0";"32,1";"30,5";"71,0";"73,0";"66,0";"25,1";"25,6";"24,2";"1009,0";"1009,8";"1009,0";"4,3";"67,0";"8,1";"3673,00";"0,0"
"24/03/2025";"1600";"30,6";"31,5";"30,6";"72,0";"72,0";"66,0";"24,9";"25,6";"24,3";"1008,0";"1009,0";"1007,9";"4,7";"69,0";"9,0";"3405,50";"0,0"
"24/03/2025";"1700";"30,5";"31,8";"30,1";"72,0";"75,0";"67,0";"24,8";"25,8";"24,2";"1007,3";"1008,0";"1007,3";"4,5";"69,0";"9,9";"2906,40";"0,0"
"24/03/2025";"1800";"30,9";"31,5";"30,2";"72,0";"73,0";"68,0";"25,2";"25,7";"24,3";"1006,6";"1007,3";"1006,6";"4,6";"65,0";"9,6";"3152,70";"0,0"
"24/03/2025";"1900";"29,3";"31,2";"29,3";"74,0";"75,0";"67,0";"24,1";"25,2";"24,0";"1006,5";"1006,8";"1006,5";"4,3";"70,0";"8,6";"1676,70";"0,0"
"24/03/2025";"2000";"28,9";"29,3";"28,6";"78,0";"80,0";"74,0";"24,6";"24,9";"24,1";"1006,7";"1006,8";"1006,5";"3,9";"66,0";"7,8";"470,60";"0,0"
"24/03/2025";"2100";"27,8";"28,9";"27,8";"81,0";"82,0";"78,0";"24,2";"24,7";"24,2";"1006,6";"1006,7";"1006,4";"3,3";"68,0";"8,0";"152,70";"0,0"
"24/03/2025";"2200";"27,0";"27,8";"27,0";"86,0";"86,0";"81,0";"24,5";"24,5";"24,1";"1007,4";"1007,4";"1006,6";"1,9";"71,0";"5,6";"3,70";"0,0"
"24/03/2025";"2300";"26,5";"27,0";"26,5";"90,0";"90,0";"86,0";"24,7";"24,8";"24,4";"1008,3";"1008,4";"1007,4";"1,2";"53,0";"3,7";"";"0,0"
"25/03/2025";"0000";"25,9";"26,5";"25,9";"97,0";"97,0";"89,0";"25,4";"25,4";"24,5";"1009,0";"1009,0";"1008,3";"0,0";"319,0";"3,7";"";"0,0"
"25/03/2025";"0100";"25,7";"25,9";"25,3";"96,0";"99,0";"96,0";"25,0";"25,5";"25,0";"1009,6";"1009,6";"1009,0";"1,0";"52,0";"2,3";"";"0,0"
"25/03/2025";"0200";"25,2";"25,8";"25,2";"100,0";"100,0";"95,0";"25,2";"25,4";"24,9";"1009,8";"1009,9";"1009,6";"0,0";"133,0";"2,1";"";"0,0"
"25/03/2025";"0300";"25,2";"25,3";"25,0";"98,0";"100,0";"98,0";"24,9";"25,2";"24,9";"1009,3";"1009,9";"1009,3";"0,7";"68,0";"2,1";"";"0,0"
"25/03/2025";"0400";"25,4";"25,4";"25,1";"96,0";"99,0";"96,0";"24,7";"25,0";"24,7";"1008,7";"1009,3";"1008,7";"1,0";"57,0";"3,0";"";"0,0"
"25/03/2025";"0500";"24,9";"25,4";"24,9";"100,0";"100,0";"96,0";"24,9";"25,2";"24,8";"1008,1";"1008,7";"1008,1";"0,0";"134,0";"2,2";"";"0,0"
"25/03/2025";"0600";"24,7";"25,0";"24,7";"100,0";"100,0";"100,0";"24,7";"25,0";"24,7";"1007,7";"1008,1";"1007,7";"0,0";"279,0";"1,0";"";"0,0"
"25/03/2025";"0700";"24,5";"24,8";"24,5";"100,0";"100,0";"100,0";"24,5";"24,7";"24,5";"1008,0";"1008,0";"1007,7";"0,0";"287,0";"0,7";"";"0,0"
"25/03/2025";"0800";"24,3";"24,5";"24,1";"100,0";"100,0";"100,0";"24,3";"24,5";"24,1";"1008,3";"1008,3";"1008,0";"0,1";"190,0";"0,9";"";"0,0"
"25/03/2025";"0900";"24,3";"24,4";"24,1";"100,0";"100,0";"100,0";"24,3";"24,3";"24,1";"1008,6";"1008,6";"1008,3";"0,1";"66,0";"5,4";"0,10";"2,0"
"25/03/2025";"1000";"25,7";"25,7";"24,3";"99,0";"100,0";"99,0";"25,5";"25,5";"24,3";"1009,1";"1009,1";"1008,6";"0,6";"93,0";"2,2";"252,60";"0,0"
"25/03/2025";"1100";"27,3";"27,4";"25,7";"89,0";"99,0";"88,0";"25,2";"25,6";"24,7";"1009,6";"1009,6";"1009,1";"1,8";"76,0";"3,7";"1060,10";"0,2"
"25/03/2025";"1200";"29,2";"29,2";"27,3";"80,0";"90,0";"79,0";"25,4";"26,1";"24,9";"1010,5";"1010,5";"1009,6";"3,2";"86,0";"6,5";"1979,70";"0,0"
"25/03/2025";"1300";"29,9";"29,9";"28,7";"78,0";"84,0";"77,0";"25,7";"26,0";"24,8";"1010,8";"1010,8";"1010,4";"4,1";"72,0";"7,5";"2032,70";"0,0"
"25/03/2025";"1400";"27,5";"30,2";"27,4";"92,0";"95,0";"75,0";"26,2";"26,6";"24,6";"1010,4";"1010,8";"1010,4";"1,3";"135,0";"9,4";"1459,70";"0,4"
"25/03/2025";"1500";"30,3";"30,3";"27,5";"76,0";"94,0";"74,0";"25,6";"26,7";"24,9";"1009,5";"1010,4";"1009,5";"3,4";"67,0";"7,6";"1758,00";"0,0"
"25/03/2025";"1600";"30,6";"30,6";"28,5";"76,0";"94,0";"73,0";"25,9";"27,9";"25,0";"1008,3";"1009,5";"1008,3";"4,2";"76,0";"9,3";"2510,20";"1,6"
"25/03/2025";"1700";"29,5";"31,0";"29,5";"75,0";"77,0";"71,0";"24,6";"25,7";"24,6";"1007,4";"1008,3";"1007,3";"4,4";"66,0";"9,9";"2606,50";"0,0"
"25/03/2025";"1800";"28,2";"29,6";"28,2";"82,0";"84,0";"74,0";"24,9";"25,5";"24,5";"1007,3";"1007,9";"1007,3";"3,9";"71,0";"9,9";"594,40";"0,0"
"25/03/2025";"1900";"27,5";"28,2";"27,4";"87,0";"88,0";"82,0";"25,1";"25,4";"24,8";"1007,3";"1007,4";"1007,0";"2,5";"67,0";"7,3";"169,20";"0,0"
"25/03/2025";"2000";"27,8";"27,8";"27,5";"86,0";"88,0";"85,0";"25,3";"25,5";"25,0";"1007,3";"1007,5";"1007,0";"2,1";"72,0";"4,8";"334,90";"0,0"
"25/03/2025";"2100";"26,2";"27,8";"26,2";"92,0";"92,0";"85,0";"24,8";"25,7";"24,8";"1008,2";"1008,2";"1007,3";"3,1";"65,0";"11,3";"79,60";"1,6"
"25/03/2025";"2200";"25,2";"26,2";"25,1";"100,0";"100,0";"92,0";"25,2";"25,4";"24,6";"1008,2";"1008,2";"1007,8";"0,2";"90,0";"11,3";"0,70";"2,6"
"25/03/2025";"2300";"25,4";"25,5";"25,1";"100,0";"100,0";"100,0";"25,3";"25,4";"25,1";"1008,9";"1008,9";"1008,2";"0,0";"353,0";"3,6";"";"0,0"
"26/03/2025";"0000";"25,3";"25,4";"25,1";"100,0";"100,0";"100,0";"25,3";"25,4";"25,1";"1009,2";"1009,3";"1008,9";"0,9";"55,0";"3,4";"";"0,2"
"26/03/2025";"0100";"25,3";"25,4";"25,3";"100,0";"100,0";"100,0";"25,3";"25,4";"25,3";"1009,8";"1009,8";"1009,2";"0,0";"279,0";"3,4";"";"0,0"
"26/03/2025";"0200";"24,9";"25,3";"24,9";"100,0";"100,0";"100,0";"24,9";"25,3";"24,9";"1010,3";"1010,3";"1009,8";"0,0";"125,0";"0,2";"";"0,0"
"26/03/2025";"0300";"24,9";"25,1";"24,9";"100,0";"100,0";"100,0";"24,9";"25,1";"24,8";"1009,6";"1010,3";"1009,6";"0,0";"139,0";"0,5";"";"0,0"
"26/03/2025";"0400";"24,7";"25,0";"24,7";"100,0";"100,0";"100,0";"24,7";"24,9";"24,7";"1008,5";"1009,6";"1008,5";"0,0";"82,0";"1,1";"";"0,0"
"26/03/2025";"0500";"24,7";"24,8";"24,6";"100,0";"100,0";"100,0";"24,7";"24,8";"24,6";"1008,0";"1008,5";"1007,9";"0,2";"55,0";"1,8";"";"0,0"
"26/03/2025";"0600";"24,4";"24,7";"24,3";"100,0";"100,0";"100,0";"24,4";"24,7";"24,3";"1007,6";"1008,0";"1007,5";"0,0";"264,0";"0,9";"";"0,0"
"26/03/2025";"0700";"24,2";"24,4";"24,1";"100,0";"100,0";"100,0";"24,1";"24,4";"24,1";"1007,7";"1007,7";"1007,6";"0,6";"88,0";"1,4";"";"0,0"
"26/03/2025";"0800";"24,0";"24,4";"24,0";"100,0";"100,0";"100,0";"24,0";"24,4";"24,0";"1007,8";"1007,8";"1007,6";"0,0";"289,0";"1,7";"";"0,0"
"26/03/2025";"0900";"23,8";"24,2";"23,8";"100,0";"100,0";"100,0";"23,8";"24,2";"23,8";"1008,1";"1008,1";"1007,7";"0,0";"247,0";"0,9";"0,10";"0,0"
"26/03/2025";"1000";"24,4";"24,4";"23,7";"100,0";"100,0";"100,0";"24,4";"24,4";"23,7";"1008,8";"1008,8";"1008,1";"0,1";"278,0";"0,7";"134,90";"0,0"
"26/03/2025";"1100";"26,8";"26,8";"24,4";"92,0";"100,0";"92,0";"25,5";"25,9";"24,5";"1009,4";"1009,4";"1008,8";"0,4";"62,0";"1,6";"1042,90";"0,0"
"26/03/2025";"1200";"28,0";"28,1";"26,7";"90,0";"92,0";"86,0";"26,3";"26,3";"24,9";"1009,9";"1009,9";"1009,4";"1,3";"71,0";"3,4";"1550,50";"0,0"
"26/03/2025";"1300";"29,4";"30,0";"27,6";"78,0";"92,0";"75,0";"25,3";"26,6";"24,6";"1010,2";"1010,2";"1009,9";"2,8";"57,0";"5,7";"1995,70";"0,0"
"26/03/2025";"1400";"29,1";"29,7";"27,1";"78,0";"97,0";"77,0";"24,8";"27,3";"24,8";"1009,8";"1010,4";"1009,8";"3,7";"70,0";"8,4";"2608,50";"0,8"
"26/03/2025";"1500";"27,7";"29,1";"27,4";"92,0";"98,0";"78,0";"26,4";"27,5";"25,0";"1009,4";"1010,2";"1009,4";"1,1";"119,0";"7,2";"673,90";"1,2"
"26/03/2025";"1600";"30,0";"30,1";"27,7";"75,0";"93,0";"73,0";"25,0";"27,0";"24,6";"1008,0";"1009,4";"1008,0";"4,5";"74,0";"7,2";"3146,40";"0,2"
"26/03/2025";"1700";"30,0";"31,1";"29,8";"77,0";"78,0";"72,0";"25,4";"26,2";"24,8";"1007,1";"1008,1";"1007,0";"4,1";"67,0";"8,5";"3243,70";"0,0"
"26/03/2025";"1800";"28,3";"30,1";"28,2";"80,0";"83,0";"76,0";"24,6";"25,6";"24,5";"1006,6";"1007,1";"1006,5";"2,8";"61,0";"8,5";"525,10";"0,0"
"26/03/2025";"1900";"28,7";"28,7";"28,2";"83,0";"84,0";"80,0";"25,4";"25,6";"24,5";"1006,3";"1006,6";"1006,1";"2,7";"61,0";"6,3";"664,80";"0,0"
"26/03/2025";"2000";"28,4";"28,8";"28,4";"81,0";"83,0";"78,0";"24,7";"25,4";"24,4";"1006,0";"1006,5";"1005,9";"3,7";"66,0";"8,0";"609,80";"0,0"
"26/03/2025";"2100";"27,6";"28,4";"27,6";"83,0";"83,0";"79,0";"24,6";"24,7";"24,2";"1006,7";"1006,7";"1006,0";"2,4";"68,0";"6,6";"194,40";"0,0"
"26/03/2025";"2200";"26,8";"27,6";"26,8";"89,0";"89,0";"83,0";"24,9";"25,0";"24,6";"1006,9";"1006,9";"1006,7";"1,3";"49,0";"4,9";"4,10";"0,0"
"26/03/2025";"2300";"26,5";"26,8";"26,5";"92,0";"92,0";"89,0";"25,2";"25,2";"24,8";"1007,8";"1007,8";"1006,9";"0,7";"41,0";"2,7";"";"0,0"
"27/03/2025";"0000";"26,3";"26,5";"26,3";"94,0";"94,0";"92,0";"25,2";"25,3";"25,1";"1008,4";"1008,4";"1007,8";"1,1";"55,0";"2,6";"";"0,0"
"27/03/2025";"0100";"26,1";"26,3";"26,1";"95,0";"95,0";"93,0";"25,2";"25,3";"25,1";"1009,0";"1009,0";"1008,4";"0,8";"57,0";"2,6";"";"0,0"
"27/03/2025";"0200";"25,6";"26,1";"25,6";"99,0";"99,0";"95,0";"25,4";"25,6";"25,1";"1009,2";"1009,3";"1009,0";"0,0";"321,0";"1,9";"";"0,0"
"27/03/2025";"0300";"25,3";"25,6";"25,0";"100,0";"100,0";"99,0";"25,3";"25,6";"25,0";"1009,0";"1009,3";"1009,0";"0,0";"2,0";"1,4";"";"0,0"
"27/03/2025";"0400";"25,1";"25,3";"25,0";"100,0";"100,0";"100,0";"25,1";"25,2";"25,0";"1008,4";"1009,0";"1008,4";"0,0";"291,0";"0,1";"";"0,0"
"27/03/2025";"0500";"25,2";"25,3";"25,1";"100,0";"100,0";"100,0";"25,2";"25,3";"25,1";"1007,5";"1008,4";"1007,5";"0,0";"306,0";"0,8";"";"0,0"
"27/03/2025";"0600";"25,1";"25,3";"25,1";"100,0";"100,0";"100,0";"25,1";"25,3";"25,1";"1006,8";"1007,5";"1006,8";"0,0";"298,0";"0,0";"";"0,0"
"27/03/2025";"0700";"24,9";"25,1";"24,7";"100,0";"100,0";"100,0";"24,9";"25,1";"24,7";"1006,7";"1006,8";"1006,6";"0,1";"290,0";"0,5";"";"0,0"
"27/03/2025";"0800";"24,8";"24,9";"24,7";"100,0";"100,0";"100,0";"24,8";"24,9";"24,7";"1006,7";"1006,7";"1006,5";"0,0";"307,0";"0,5";"";"0,0"
"27/03/2025";"0900";"24,9";"24,9";"24,7";"100,0";"100,0";"100,0";"24,9";"24,9";"24,7";"1007,0";"1007,0";"1006,7";"0,0";"286,0";"0,2";"";"0,0"
"27/03/2025";"1000";"25,0";"25,0";"24,8";"100,0";"100,0";"100,0";"25,0";"25,0";"24,7";"1008,1";"1008,1";"1007,0";"0,8";"75,0";"1,9";"47,00";"3,6"
"27/03/2025";"1100";"25,6";"25,6";"24,4";"100,0";"100,0";"100,0";"25,6";"25,6";"24,4";"1008,6";"1008,6";"1008,1";"0,5";"26,0";"3,2";"528,70";"15,8"
"27/03/2025";"1200";"26,9";"27,3";"25,5";"94,0";"100,0";"89,0";"25,8";"26,5";"24,9";"1009,5";"1009,5";"1008,6";"0,4";"31,0";"2,1";"1419,00";"0,0"
"27/03/2025";"1300";"27,0";"27,1";"25,6";"90,0";"98,0";"90,0";"25,3";"26,4";"24,5";"1009,7";"1009,9";"1009,5";"0,9";"80,0";"5,4";"1302,00";"0,0"
"27/03/2025";"1400";"28,2";"28,7";"27,0";"90,0";"93,0";"85,0";"26,4";"26,9";"25,1";"1009,3";"1009,7";"1009,3";"0,9";"10,0";"3,2";"1735,20";"0,0"
"27/03/2025";"1500";"28,7";"30,0";"28,2";"85,0";"92,0";"82,0";"26,1";"27,4";"25,8";"1008,4";"1009,3";"1008,4";"0,9";"351,0";"4,8";"2175,90";"0,0"
"27/03/2025";"1600";"29,9";"30,0";"28,0";"82,0";"94,0";"80,0";"26,5";"27,2";"25,9";"1007,1";"1008,4";"1007,1";"1,3";"16,0";"6,2";"3009,00";"0,2"
"27/03/2025";"1700";"27,7";"30,1";"27,6";"97,0";"98,0";"80,0";"27,2";"27,6";"25,6";"1006,8";"1007,3";"1006,7";"0,8";"35,0";"5,5";"1333,40";"0,8"
"27/03/2025";"1800";"26,9";"27,7";"26,7";"96,0";"98,0";"93,0";"26,1";"27,2";"25,8";"1006,1";"1006,8";"1006,0";"0,8";"14,0";"3,8";"215,10";"0,0"
"27/03/2025";"1900";"26,0";"27,2";"25,9";"98,0";"98,0";"88,0";"25,7";"26,8";"24,0";"1006,2";"1006,3";"1006,1";"0,3";"252,0";"4,9";"289,10";"0,0"
"27/03/2025";"2000";"25,8";"26,3";"25,6";"100,0";"100,0";"98,0";"25,8";"26,2";"25,6";"1006,4";"1006,4";"1005,9";"0,6";"74,0";"3,4";"129,70";"1,2"
"27/03/2025";"2100";"24,6";"25,8";"24,5";"100,0";"100,0";"100,0";"24,5";"25,8";"24,5";"1006,8";"1006,8";"1006,4";"0,3";"120,0";"3,4";"35,90";"0,4"
"27/03/2025";"2200";"24,9";"24,9";"24,5";"100,0";"100,0";"100,0";"24,8";"24,8";"24,5";"1007,7";"1007,7";"1006,7";"2,0";"70,0";"5,5";"1,00";"0,2"
"27/03/2025";"2300";"23,9";"24,9";"23,8";"100,0";"100,0";"100,0";"23,9";"24,9";"23,7";"1008,7";"1008,7";"1007,7";"1,2";"89,0";"7,5";"0,20";"14,6"
"28/03/2025";"0000";"23,9";"23,9";"23,8";"100,0";"100,0";"100,0";"23,8";"23,9";"23,8";"1009,3";"1009,3";"1008,6";"1,3";"53,0";"3,6";"";"4,2"
"28/03/2025";"0100";"23,9";"24,1";"23,9";"100,0";"100,0";"100,0";"23,9";"24,0";"23,8";"1009,7";"1009,7";"1009,3";"0,8";"47,0";"3,3";"";"2,2"
"28/03/2025";"0200";"23,9";"24,0";"23,9";"100,0";"100,0";"100,0";"23,9";"24,0";"23,9";"1009,2";"1009,7";"1009,2";"0,0";"346,0";"2,2";"";"0,8"
"28/03/2025";"0300";"23,8";"23,9";"23,7";"100,0";"100,0";"100,0";"23,8";"23,9";"23,7";"1008,4";"1009,2";"1008,4";"0,0";"321,0";"0,8";"";"0,2"
"28/03/2025";"0400";"23,8";"23,8";"23,7";"100,0";"100,0";"100,0";"23,8";"23,8";"23,7";"1007,5";"1008,4";"1007,5";"0,4";"60,0";"1,1";"";"0,0"
"28/03/2025";"0500";"23,9";"24,0";"23,8";"100,0";"100,0";"100,0";"23,9";"24,0";"23,8";"1006,8";"1007,5";"1006,8";"0,0";"292,0";"1,3";"";"0,0"
"28/03/2025";"0600";"24,0";"24,1";"23,9";"100,0";"100,0";"100,0";"24,0";"24,1";"23,9";"1006,6";"1006,8";"1006,6";"0,0";"282,0";"0,0";"";"0,0"
"28/03/2025";"0700";"23,9";"24,1";"23,9";"100,0";"100,0";"100,0";"23,9";"24,0";"23,9";"1006,5";"1006,7";"1006,5";"0,0";"276,0";"0,6";"";"0,0"
"28/03/2025";"0800";"24,1";"24,1";"23,8";"100,0";"100,0";"100,0";"24,0";"24,1";"23,8";"1006,5";"1006,7";"1006,5";"0,0";"287,0";"0,8";"";"0,2"
"28/03/2025";"0900";"23,9";"24,1";"23,9";"100,0";"100,0";"100,0";"23,9";"24,1";"23,9";"1006,7";"1006,7";"1006,4";"0,0";"257,0";"1,0";"";"0,0"
"28/03/2025";"1000";"24,4";"24,4";"23,9";"100,0";"100,0";"100,0";"24,4";"24,4";"23,9";"1007,2";"1007,2";"1006,7";"0,0";"226,0";"0,4";"119,20";"0,0"
"28/03/2025";"1100";"25,3";"25,4";"24,5";"100,0";"100,0";"100,0";"25,3";"25,4";"24,5";"1008,3";"1008,3";"1007,2";"0,4";"138,0";"1,5";"504,10";"0,2"
"28/03/2025";"1200";"28,0";"28,0";"25,3";"92,0";"100,0";"92,0";"26,7";"26,9";"25,3";"1008,5";"1008,5";"1008,3";"1,6";"77,0";"4,3";"1813,60";"0,2"
"28/03/2025";"1300";"28,3";"28,5";"27,2";"85,0";"93,0";"83,0";"25,6";"26,7";"24,9";"1008,8";"1008,8";"1008,4";"3,5";"71,0";"7,4";"2075,80";"0,0"
"28/03/2025";"1400";"29,2";"30,1";"28,2";"80,0";"86,0";"75,0";"25,3";"26,0";"24,9";"1008,5";"1008,9";"1008,5";"3,1";"63,0";"7,4";"2475,30";"0,0"
"28/03/2025";"1500";"31,1";"31,1";"29,2";"72,0";"80,0";"71,0";"25,5";"25,9";"24,8";"1007,8";"1008,5";"1007,8";"3,7";"63,0";"8,0";"2823,60";"0,0"
"28/03/2025";"1600";"30,1";"31,2";"30,0";"74,0";"78,0";"71,0";"24,9";"26,2";"24,7";"1006,8";"1007,9";"1006,8";"3,7";"65,0";"7,2";"2655,40";"0,0"
"28/03/2025";"1700";"28,9";"30,1";"28,9";"78,0";"80,0";"74,0";"24,6";"25,7";"24,6";"1005,5";"1006,8";"1005,5";"3,4";"72,0";"7,8";"1038,70";"0,0"
"28/03/2025";"1800";"28,7";"29,0";"28,6";"83,0";"83,0";"78,0";"25,5";"25,8";"24,5";"1005,0";"1005,5";"1004,9";"3,1";"62,0";"7,2";"737,90";"0,0"
"28/03/2025";"1900";"28,4";"28,8";"28,4";"84,0";"85,0";"81,0";"25,3";"25,8";"24,8";"1004,9";"1005,0";"1004,6";"2,9";"63,0";"6,1";"757,10";"0,0"
"28/03/2025";"2000";"28,0";"28,4";"28,0";"84,0";"85,0";"82,0";"25,1";"25,4";"24,8";"1005,3";"1005,3";"1004,9";"2,6";"73,0";"6,3";"530,40";"0,0"
"28/03/2025";"2100";"26,8";"28,0";"26,8";"91,0";"93,0";"84,0";"25,2";"25,9";"25,1";"1005,7";"1005,9";"1005,3";"1,3";"73,0";"6,4";"54,90";"0,0"
"28/03/2025";"2200";"26,3";"26,8";"26,3";"100,0";"100,0";"91,0";"26,3";"26,4";"25,3";"1006,6";"1006,6";"1005,7";"0,9";"100,0";"2,5";"0,20";"0,6"
"28/03/2025";"2300";"25,9";"26,3";"25,9";"100,0";"100,0";"100,0";"25,9";"26,3";"25,9";"1007,2";"1007,2";"1006,6";"0,0";"353,0";"2,4";"";"2,0"
"29/03/2025";"0000";"25,8";"25,9";"25,6";"100,0";"100,0";"100,0";"25,8";"25,9";"25,6";"1007,8";"1007,8";"1007,0";"0,0";"226,0";"0,7";"";"0,0"
"29/03/2025";"0100";"25,6";"25,9";"25,6";"100,0";"100,0";"100,0";"25,6";"25,9";"25,6";"1008,3";"1008,3";"1007,8";"0,0";"287,0";"1,4";"";"0,0"
"29/03/2025";"0200";"25,5";"25,7";"25,5";"100,0";"100,0";"100,0";"25,5";"25,7";"25,5";"1008,8";"1008,8";"1008,2";"0,0";"265,0";"0,5";"";"0,0"
"29/03/2025";"0300";"25,7";"25,7";"25,4";"100,0";"100,0";"100,0";"25,6";"25,6";"25,4";"1008,4";"1008,8";"1008,4";"0,0";"77,0";"2,0";"";"0,0"
"29/03/2025";"0400";"25,5";"25,7";"25,5";"100,0";"100,0";"100,0";"25,5";"25,7";"25,5";"1007,7";"1008,4";"1007,7";"0,0";"104,0";"0,6";"";"0,0"
"29/03/2025";"0500";"25,1";"25,5";"25,1";"100,0";"100,0";"100,0";"25,1";"25,5";"25,1";"1006,8";"1007,7";"1006,8";"0,0";"168,0";"0,6";"";"0,0"
"29/03/2025";"0600";"24,9";"25,2";"24,9";"100,0";"100,0";"100,0";"24,8";"25,2";"24,8";"1006,3";"1006,8";"1006,3";"0,0";"335,0";"2,3";"";"0,2"
"29/03/2025";"0700";"24,4";"24,8";"24,4";"100,0";"100,0";"100,0";"24,4";"24,8";"24,3";"1006,1";"1006,4";"1006,1";"0,0";"270,0";"0,2";"";"0,0"
"29/03/2025";"0800";"24,5";"24,5";"24,3";"100,0";"100,0";"100,0";"24,5";"24,5";"24,3";"1006,4";"1006,4";"1006,1";"0,5";"99,0";"2,3";"";"1,2"
"29/03/2025";"0900";"24,4";"24,7";"24,4";"100,0";"100,0";"100,0";"24,4";"24,7";"24,4";"1007,2";"1007,2";"1006,3";"0,0";"324,0";"2,3";"";"0,2"
"29/03/2025";"1000";"24,5";"24,5";"24,2";"100,0";"100,0";"100,0";"24,5";"24,5";"24,2";"1008,5";"1008,5";"1007,2";"0,4";"200,0";"2,8";"46,40";"0,2"
"29/03/2025";"1100";"22,3";"24,5";"21,9";"100,0";"100,0";"100,0";"22,3";"24,5";"21,9";"1009,4";"1009,4";"1008,5";"2,1";"100,0";"11,7";"47,10";"21,0"
"29/03/2025";"1200";"23,1";"23,2";"22,3";"100,0";"100,0";"100,0";"23,1";"23,2";"22,3";"1009,3";"1009,5";"1009,2";"1,3";"86,0";"5,0";"500,40";"0,6"
"29/03/2025";"1300";"24,7";"24,8";"23,0";"94,0";"100,0";"94,0";"23,8";"24,2";"22,7";"1009,7";"1009,7";"1009,2";"1,8";"103,0";"5,5";"1349,90";"0,0"
"29/03/2025";"1400";"27,2";"27,2";"24,5";"85,0";"95,0";"85,0";"24,6";"25,0";"23,5";"1009,6";"1009,7";"1009,6";"2,2";"84,0";"5,5";"2955,10";"0,0"
"29/03/2025";"1500";"29,4";"29,5";"27,0";"77,0";"87,0";"76,0";"25,1";"25,5";"24,1";"1008,9";"1009,6";"1008,8";"2,2";"70,0";"5,1";"3559,30";"0,0"
"29/03/2025";"1600";"";"";"";"";"";"";"";"";"";"";"";"";"";"";"";"";""
"29/03/2025";"1700";"30,9";"31,0";"29,7";"70,0";"76,0";"70,0";"24,8";"25,5";"24,2";"1006,0";"1007,6";"1006,0";"3,3";"64,0";"7,5";"3523,70";"0,0"
"29/03/2025";"1800";"";"";"";"";"";"";"";"";"";"";"";"";"";"";"";"";""
"29/03/2025";"1900";"29,1";"30,6";"28,6";"83,0";"85,0";"76,0";"26,0";"26,8";"24,9";"1004,5";"1004,8";"1004,4";"2,2";"48,0";"7,1";"1345,90";"0,0"
"29/03/2025";"2000";"";"";"";"";"";"";"";"";"";"";"";"";"";"";"";"";""
"29/03/2025";"2100";"";"";"";"";"";"";"";"";"";"";"";"";"";"";"";"";""
"29/03/2025";"2200";"";"";"";"";"";"";"";"";"";"";"";"";"";"";"";"";""
"29/03/2025";"2300";"26,2";"26,7";"26,2";"99,0";"99,0";"93,0";"26,1";"26,2";"25,5";"1007,4";"1007,4";"1006,1";"0,0";"21,0";"2,5";"";"0,0"
"30/03/2025";"0000";"26,0";"26,3";"25,9";"96,0";"100,0";"96,0";"25,4";"26,2";"25,4";"1007,9";"1007,9";"1007,4";"0,8";"48,0";"2,2";"";"0,0"
"30/03/2025";"0100";"25,5";"26,0";"25,5";"100,0";"100,0";"96,0";"25,5";"25,8";"25,4";"1008,4";"1008,4";"1007,9";"0,0";"9,0";"2,2";"";"0,0"
"30/03/2025";"0200";"";"";"";"";"";"";"";"";"";"";"";"";"";"";"";"";""
"30/03/2025";"0300";"";"";"";"";"";"";"";"";"";"";"";"";"";"";"";"";""
"30/03/2025";"0400";"";"";"";"";"";"";"";"";"";"";"";"";"";"";"";"";""
"30/03/2025";"0500";"";"";"";"";"";"";"";"";"";"";"";"";"";"";"";"";""
"30/03/2025";"0600";"";"";"";"";"";"";"";"";"";"";"";"";"";"";"";"";""
"30/03/2025";"0700";"";"";"";"";"";"";"";"";"";"";"";"";"";"";"";"";""
"30/03/2025";"0800";"";"";"";"";"";"";"";"";"";"";"";"";"";"";"";"";""
"30/03/2025";"0900";"";"";"";"";"";"";"";"";"";"";"";"";"";"";"";"";""
"30/03/2025";"1000";"";"";"";"";"";"";"";"";"";"";"";"";"";"";"";"";""
"30/03/2025";"1100";"";"";"";"";"";"";"";"";"";"";"";"";"";"";"";"";""
"30/03/2025";"1200";"";"";"";"";"";"";"";"";"";"";"";"";"";"";"";"";""
"30/03/2025";"1300";"";"";"";"";"";"";"";"";"";"";"";"";"";"";"";"";""
"30/03/2025";"1400";"30,5";"30,5";"29,2";"73,0";"81,0";"72,0";"25,0";"26,4";"24,6";"1008,2";"1008,5";"1008,2";"3,3";"74,0";"7,3";"2928,60";"0,0"
"30/03/2025";"1500";"30,2";"30,7";"30,0";"75,0";"77,0";"68,0";"25,3";"25,8";"24,2";"1007,3";"1008,2";"1007,3";"2,7";"67,0";"8,5";"2866,70";"0,0"
"30/03/2025";"1600";"";"";"";"";"";"";"";"";"";"";"";"";"";"";"";"";""
"30/03/2025";"1700";"31,1";"31,5";"30,3";"68,0";"75,0";"68,0";"24,5";"25,9";"24,2";"1005,5";"1006,5";"1005,4";"2,9";"60,0";"7,8";"2892,20";"0,0"
"30/03/2025";"1800";"30,8";"31,3";"30,6";"72,0";"74,0";"67,0";"25,1";"25,7";"24,1";"1004,5";"1005,5";"1004,5";"3,8";"65,0";"8,2";"2873,70";"0,0"
"30/03/2025";"1900";"29,9";"31,0";"29,9";"75,0";"75,0";"71,0";"25,1";"25,7";"24,8";"1004,0";"1004,5";"1004,0";"4,1";"65,0";"8,6";"1807,10";"0,2"
"30/03/2025";"2000";"28,5";"30,2";"28,5";"80,0";"80,0";"74,0";"24,7";"25,3";"24,4";"1004,2";"1004,3";"1003,9";"3,0";"66,0";"8,2";"552,50";"0,0"
"30/03/2025";"2100";"27,8";"28,5";"27,8";"83,0";"83,0";"80,0";"24,7";"25,0";"24,7";"1004,8";"1004,8";"1004,2";"3,1";"67,0";"6,6";"98,40";"0,0"
"30/03/2025";"2200";"27,0";"27,8";"27,0";"89,0";"90,0";"83,0";"25,2";"25,2";"24,7";"1005,3";"1005,3";"1004,8";"1,3";"66,0";"5,2";"2,40";"0,0"
"30/03/2025";"2300";"26,7";"27,1";"26,7";"93,0";"93,0";"89,0";"25,5";"25,5";"25,2";"1006,0";"1006,0";"1005,2";"0,5";"61,0";"3,3";"";"0,0"
"31/03/2025";"0000";"26,3";"26,7";"26,2";"94,0";"97,0";"93,0";"25,2";"25,7";"25,2";"1006,4";"1006,4";"1006,0";"1,0";"58,0";"2,4";"";"0,0"
"31/03/2025";"0100";"26,1";"26,3";"26,1";"95,0";"95,0";"94,0";"25,3";"25,5";"25,2";"1007,3";"1007,3";"1006,4";"0,5";"87,0";"2,1";"";"0,0"
"31/03/2025";"0200";"26,2";"26,3";"26,1";"95,0";"96,0";"94,0";"25,4";"25,5";"25,2";"1007,5";"1007,5";"1007,2";"0,5";"77,0";"2,3";"";"0,0"
"31/03/2025";"0300";"26,0";"26,2";"26,0";"96,0";"97,0";"95,0";"25,4";"25,5";"25,4";"1007,2";"1007,5";"1007,2";"1,0";"69,0";"2,1";"";"0,0"
"31/03/2025";"0400";"26,0";"26,1";"25,9";"96,0";"98,0";"96,0";"25,4";"25,5";"25,3";"1006,6";"1007,2";"1006,6";"1,0";"70,0";"2,0";"";"0,0"
"31/03/2025";"0500";"25,7";"26,1";"25,6";"100,0";"100,0";"96,0";"25,6";"25,8";"25,3";"1005,9";"1006,6";"1005,9";"0,0";"6,0";"2,0";"";"0,0"
"31/03/2025";"0600";"25,1";"25,7";"25,1";"100,0";"100,0";"99,0";"25,1";"25,6";"25,1";"1005,4";"1005,9";"1005,3";"0,1";"69,0";"1,7";"";"0,0"
"31/03/2025";"0700";"24,7";"25,2";"24,6";"100,0";"100,0";"100,0";"24,7";"25,2";"24,6";"1005,4";"1005,4";"1005,2";"0,0";"80,0";"1,0";"";"0,0"
"31/03/2025";"0800";"24,3";"24,8";"24,3";"100,0";"100,0";"100,0";"24,3";"24,8";"24,3";"1005,9";"1005,9";"1005,4";"0,0";"295,0";"0,4";"";"0,0"
"31/03/2025";"0900";"24,1";"24,4";"24,0";"100,0";"100,0";"100,0";"24,1";"24,4";"24,0";"1006,4";"1006,4";"1005,9";"0,0";"270,0";"0,0";"0,20";"0,0"
"31/03/2025";"1000";"24,7";"24,7";"23,9";"100,0";"100,0";"100,0";"24,7";"24,7";"23,9";"1007,1";"1007,1";"1006,4";"0,0";"276,0";"0,4";"157,70";"0,0"
"31/03/2025";"1100";"27,9";"27,9";"24,7";"85,0";"100,0";"84,0";"25,2";"26,1";"24,6";"1008,0";"1008,0";"1007,1";"0,1";"146,0";"1,3";"1045,40";"0,0"
"31/03/2025";"1200";"28,8";"28,8";"27,7";"81,0";"89,0";"81,0";"25,3";"26,1";"24,9";"1008,8";"1008,8";"1008,0";"2,5";"61,0";"5,7";"1418,30";"0,0"
"31/03/2025";"1300";"30,5";"30,5";"28,8";"75,0";"81,0";"73,0";"25,6";"25,6";"24,5";"1009,1";"1009,3";"1008,8";"2,9";"72,0";"6,4";"2245,90";"0,0"
"31/03/2025";"1400";"30,5";"31,4";"30,2";"72,0";"75,0";"67,0";"24,9";"25,3";"24,1";"1008,7";"1009,2";"1008,7";"3,5";"67,0";"7,4";"3004,50";"0,0"
"31/03/2025";"1500";"30,4";"31,7";"30,4";"73,0";"75,0";"67,0";"25,1";"25,7";"24,5";"1008,3";"1008,7";"1008,3";"2,9";"74,0";"7,4";"2970,00";"0,0"
"31/03/2025";"1600";"30,3";"30,9";"29,8";"74,0";"75,0";"70,0";"25,2";"25,4";"24,7";"1007,5";"1008,3";"1007,5";"3,3";"75,0";"8,2";"1528,50";"0,0"
"31/03/2025";"1700";"27,6";"30,3";"26,8";"89,0";"99,0";"72,0";"25,6";"26,8";"24,5";"1006,5";"1007,5";"1006,5";"1,5";"56,0";"7,1";"606,10";"2,2"
"31/03/2025";"1800";"26,5";"28,4";"26,5";"88,0";"92,0";"83,0";"24,3";"25,9";"24,3";"1006,0";"1006,5";"1005,9";"3,4";"74,0";"7,2";"570,50";"1,6"
"31/03/2025";"1900";"27,5";"28,5";"26,5";"91,0";"95,0";"86,0";"25,8";"26,8";"24,5";"1006,3";"1006,3";"1006,0";"0,5";"214,0";"6,4";"872,10";"0,0"
"31/03/2025";"2000";"28,2";"28,3";"27,3";"85,0";"93,0";"82,0";"25,3";"26,3";"24,9";"1006,4";"1006,4";"1006,1";"2,4";"73,0";"5,6";"541,20";"0,0"
"31/03/2025";"2100";"27,6";"28,2";"27,6";"88,0";"88,0";"84,0";"25,5";"25,6";"25,1";"1006,7";"1006,7";"1006,4";"1,7";"78,0";"5,3";"189,40";"0,0"
"31/03/2025";"2200";"";"";"";"";"";"";"";"";"";"";"";"";"";"";"";"";""
"31/03/2025";"2300";"26,5";"26,8";"26,5";"95,0";"95,0";"91,0";"25,6";"25,6";"25,2";"1007,6";"1007,6";"1007,0";"1,1";"74,0";"2,8";"";"0,0"
"01/04/2025";"0000";"26,3";"26,5";"26,2";"95,0";"96,0";"94,0";"25,4";"25,7";"25,4";"1008,5";"1008,5";"1007,6";"0,8";"80,0";"3,0";"";"0,0"
"01/04/2025";"0100";"26,1";"26,3";"26,1";"98,0";"98,0";"95,0";"25,8";"25,8";"25,4";"1009,2";"1009,2";"1008,5";"0,1";"28,0";"2,2";"";"0,0"
"01/04/2025";"0200";"25,5";"26,1";"25,4";"100,0";"100,0";"98,0";"25,5";"25,9";"25,4";"1009,3";"1009,4";"1009,2";"0,1";"99,0";"1,1";"";"0,0"
"01/04/2025";"0300";"25,7";"25,9";"25,4";"99,0";"100,0";"98,0";"25,6";"25,7";"25,4";"1008,6";"1009,3";"1008,6";"1,1";"81,0";"3,0";"";"0,0"
"01/04/2025";"0400";"25,2";"25,8";"25,2";"100,0";"100,0";"99,0";"25,2";"25,7";"25,2";"1007,9";"1008,6";"1007,8";"0,0";"240,0";"2,8";"";"0,0"
"01/04/2025";"0500";"25,0";"25,3";"25,0";"100,0";"100,0";"100,0";"25,0";"25,3";"25,0";"1007,5";"1007,9";"1007,4";"0,0";"311,0";"0,8";"";"0,0"
"01/04/2025";"0600";"24,8";"25,1";"24,6";"100,0";"100,0";"100,0";"24,8";"25,0";"24,6";"1007,1";"1007,5";"1007,1";"0,0";"13,0";"0,5";"";"0,0"
"01/04/2025";"0700";"24,7";"24,8";"24,4";"100,0";"100,0";"100,0";"24,7";"24,8";"24,4";"1007,3";"1007,4";"1007,1";"0,0";"40,0";"0,7";"";"0,0"
"01/04/2025";"0800";"";"";"";"";"";"";"";"";"";"";"";"";"";"";"";"";""
"01/04/2025";"0900";"";"";"";"";"";"";"";"";"";"";"";"";"";"";"";"";""
"01/04/2025";"1000";"";"";"";"";"";"";"";"";"";"";"";"";"";"";"";"";""
"01/04/2025";"1100";"";"";"";"";"";"";"";"";"";"";"";"";"";"";"";"";""
"01/04/2025";"1200";"";"";"";"";"";"";"";"";"";"";"";"";"";"";"";"";""
"01/04/2025";"1300";"";"";"";"";"";"";"";"";"";"";"";"";"";"";"";"";""
"01/04/2025";"1400";"";"";"";"";"";"";"";"";"";"";"";"";"";"";"";"";""
"01/04/2025";"1500";"30,7";"30,8";"30,2";"74,0";"76,0";"72,0";"25,5";"25,8";"24,7";"1008,7";"1009,2";"1008,7";"3,8";"77,0";"7,4";"2972,80";"0,0"
"01/04/2025";"1600";"30,1";"30,7";"29,9";"77,0";"78,0";"73,0";"25,6";"25,7";"25,1";"1007,9";"1008,7";"1007,9";"3,3";"74,0";"9,3";"2411,50";"0,0"
"01/04/2025";"1700";"30,8";"31,5";"29,7";"72,0";"78,0";"69,0";"25,1";"26,1";"24,9";"1006,5";"1007,9";"1006,5";"3,8";"56,0";"8,1";"2634,90";"0,0"
"01/04/2025";"1800";"30,4";"31,0";"30,1";"73,0";"74,0";"68,0";"24,9";"25,4";"24,1";"1005,3";"1006,5";"1005,3";"3,2";"60,0";"8,3";"2285,60";"0,0"
"01/04/2025";"1900";"28,5";"30,8";"28,2";"75,0";"80,0";"70,0";"23,5";"25,3";"23,5";"1005,8";"1005,8";"1005,1";"4,0";"71,0";"10,3";"1618,40";"0,0"
"01/04/2025";"2000";"27,8";"28,5";"27,8";"81,0";"83,0";"73,0";"24,2";"24,7";"23,2";"1006,3";"1006,3";"1005,4";"2,7";"57,0";"8,5";"643,10";"0,0"
"01/04/2025";"2100";"27,4";"27,8";"27,4";"86,0";"87,0";"81,0";"24,9";"25,1";"24,2";"1007,1";"1007,1";"1006,3";"1,1";"91,0";"5,0";"129,30";"0,0"
"01/04/2025";"2200";"26,1";"27,4";"26,1";"97,0";"97,0";"86,0";"25,6";"25,7";"24,9";"1007,8";"1007,9";"1007,1";"0,8";"116,0";"5,3";"1,80";"1,2"
"01/04/2025";"2300";"25,4";"26,1";"25,4";"100,0";"100,0";"97,0";"25,3";"25,8";"25,3";"1007,9";"1008,0";"1007,4";"1,4";"59,0";"3,2";"";"1,0"
"02/04/2025";"0000";"25,4";"25,5";"25,3";"100,0";"100,0";"100,0";"25,3";"25,4";"25,3";"1008,2";"1008,2";"1007,9";"0,6";"74,0";"3,3";"";"1,2"
"02/04/2025";"0100";"";"";"";"";"";"";"";"";"";"";"";"";"";"";"";"";""
"02/04/2025";"0200";"";"";"";"";"";"";"";"";"";"";"";"";"";"";"";"";""
"02/04/2025";"0300";"";"";"";"";"";"";"";"";"";"";"";"";"";"";"";"";""
"02/04/2025";"0400";"";"";"";"";"";"";"";"";"";"";"";"";"";"";"";"";""
"02/04/2025";"0500";"";"";"";"";"";"";"";"";"";"";"";"";"";"";"";"";""
"02/04/2025";"0600";"";"";"";"";"";"";"";"";"";"";"";"";"";"";"";"";""
"02/04/2025";"0700";"";"";"";"";"";"";"";"";"";"";"";"";"";"";"";"";""
"02/04/2025";"0800";"";"";"";"";"";"";"";"";"";"";"";"";"";"";"";"";""
"02/04/2025";"0900";"";"";"";"";"";"";"";"";"";"";"";"";"";"";"";"";""
"02/04/2025";"1000";"";"";"";"";"";"";"";"";"";"";"";"";"";"";"";"";""
"02/04/2025";"1100";"";"";"";"";"";"";"";"";"";"";"";"";"";"";"";"";""
"02/04/2025";"1200";"";"";"";"";"";"";"";"";"";"";"";"";"";"";"";"";""
"02/04/2025";"1300";"28,4";"28,9";"27,0";"82,0";"89,0";"81,0";"25,1";"26,5";"24,4";"1009,4";"1009,4";"1009,1";"3,1";"83,0";"5,7";"1955,00";"0,0"
"02/04/2025";"1400";"29,2";"29,2";"28,0";"82,0";"90,0";"81,0";"25,8";"26,5";"25,1";"1009,1";"1009,4";"1009,1";"2,9";"89,0";"6,4";"2472,40";"0,2"
"02/04/2025";"1500";"27,0";"29,2";"25,1";"92,0";"98,0";"80,0";"25,6";"26,3";"24,6";"1008,7";"1009,3";"1008,7";"0,3";"30,0";"12,2";"1155,40";"2,6"
"02/04/2025";"1600";"";"";"";"";"";"";"";"";"";"";"";"";"";"";"";"";""
"02/04/2025";"1700";"29,3";"29,3";"28,7";"83,0";"86,0";"80,0";"26,0";"26,4";"25,2";"1006,5";"1007,5";"1006,5";"2,5";"65,0";"4,8";"1441,50";"0,0"
"02/04/2025";"1800";"";"";"";"";"";"";"";"";"";"";"";"";"";"";"";"";""
"02/04/2025";"1900";"29,3";"30,6";"29,2";"78,0";"79,0";"74,0";"25,0";"26,0";"24,5";"1005,4";"1005,7";"1005,3";"3,7";"79,0";"7,8";"1483,10";"0,2"
"02/04/2025";"2000";"28,1";"29,3";"28,1";"85,0";"85,0";"77,0";"25,3";"25,3";"24,5";"1005,7";"1005,8";"1005,3";"2,6";"63,0";"8,4";"345,90";"0,0"
"02/04/2025";"2100";"27,3";"28,0";"27,3";"87,0";"88,0";"84,0";"24,9";"25,4";"24,6";"1006,1";"1006,1";"1005,3";"2,0";"70,0";"5,8";"102,10";"0,0"
"02/04/2025";"2200";"26,4";"27,3";"26,4";"93,0";"93,0";"86,0";"25,2";"25,3";"24,8";"1006,4";"1006,4";"1006,1";"0,1";"49,0";"4,4";"4,10";"0,0"
"02/04/2025";"2300";"25,8";"26,4";"25,7";"98,0";"99,0";"93,0";"25,4";"25,7";"25,2";"1006,6";"1006,8";"1006,4";"0,0";"345,0";"0,9";"";"0,0"
"03/04/2025";"0000";"25,8";"25,9";"25,5";"98,0";"100,0";"96,0";"25,5";"25,7";"25,3";"1007,5";"1007,5";"1006,6";"0,1";"102,0";"2,4";"";"0,0"
"03/04/2025";"0100";"25,3";"25,8";"25,3";"100,0";"100,0";"98,0";"25,3";"25,4";"25,3";"1007,9";"1007,9";"1007,4";"0,0";"68,0";"1,2";"";"0,0"
"03/04/2025";"0200";"24,9";"25,3";"24,9";"100,0";"100,0";"100,0";"24,9";"25,3";"24,9";"1007,7";"1008,0";"1007,7";"0,0";"320,0";"0,5";"";"0,0"
"03/04/2025";"0300";"24,6";"24,9";"24,6";"100,0";"100,0";"100,0";"24,6";"24,9";"24,6";"1007,5";"1007,8";"1007,4";"0,0";"294,0";"0,9";"";"0,0"
"03/04/2025";"0400";"24,5";"24,7";"24,3";"100,0";"100,0";"100,0";"24,5";"24,7";"24,3";"1006,9";"1007,5";"1006,9";"0,1";"289,0";"0,5";"";"0,0"
"03/04/2025";"0500";"24,3";"24,5";"24,2";"100,0";"100,0";"100,0";"24,3";"24,5";"24,2";"1006,5";"1007,0";"1006,5";"0,0";"304,0";"0,5";"";"0,0"
"03/04/2025";"0600";"24,3";"24,3";"23,9";"100,0";"100,0";"100,0";"24,3";"24,3";"23,9";"1006,4";"1006,5";"1006,4";"0,0";"254,0";"0,4";"";"0,0"
"03/04/2025";"0700";"23,8";"24,3";"23,8";"100,0";"100,0";"100,0";"23,8";"24,3";"23,8";"1006,4";"1006,5";"1006,3";"0,2";"260,0";"1,2";"";"0,0"
"03/04/2025";"0800";"23,8";"23,9";"23,7";"100,0";"100,0";"100,0";"23,8";"23,9";"23,7";"1006,5";"1006,6";"1006,4";"0,2";"262,0";"1,2";"";"0,0"
"03/04/2025";"0900";"24,2";"24,2";"23,7";"100,0";"100,0";"100,0";"24,2";"24,2";"23,6";"1007,2";"1007,2";"1006,5";"0,0";"326,0";"4,4";"";"2,4"
"03/04/2025";"1000";"24,4";"24,4";"24,0";"100,0";"100,0";"100,0";"24,4";"24,4";"24,0";"1007,9";"1007,9";"1007,2";"0,3";"108,0";"1,0";"51,00";"0,0"
"03/04/2025";"1100";"";"";"";"";"";"";"";"";"";"";"";"";"";"";"";"";""
"03/04/2025";"1200";"25,8";"26,1";"24,8";"96,0";"100,0";"95,0";"25,2";"25,8";"24,8";"1009,0";"1009,0";"1008,5";"1,0";"56,0";"1,9";"1007,50";"0,0"
"03/04/2025";"1300";"27,6";"27,7";"25,8";"89,0";"97,0";"88,0";"25,6";"26,1";"24,9";"1009,3";"1009,3";"1009,0";"1,0";"64,0";"2,7";"1552,40";"0,0"
"03/04/2025";"1400";"26,8";"28,2";"26,8";"96,0";"96,0";"86,0";"26,1";"26,6";"25,3";"1008,9";"1009,3";"1008,9";"1,9";"73,0";"5,4";"1074,30";"0,8"
"03/04/2025";"1500";"";"";"";"";"";"";"";"";"";"";"";"";"";"";"";"";""
"03/04/2025";"1600";"";"";"";"";"";"";"";"";"";"";"";"";"";"";"";"";""
"03/04/2025";"1700";"";"";"";"";"";"";"";"";"";"";"";"";"";"";"";"";""
"03/04/2025";"1800";"";"";"";"";"";"";"";"";"";"";"";"";"";"";"";"";""
"03/04/2025";"1900";"27,7";"27,7";"27,1";"88,0";"98,0";"87,0";"25,6";"27,1";"25,3";"1005,5";"1005,6";"1005,2";"0,8";"47,0";"2,9";"614,10";"0,0"
"03/04/2025";"2000";"27,9";"28,0";"27,7";"88,0";"90,0";"85,0";"25,7";"26,1";"25,2";"1005,6";"1005,6";"1005,3";"1,5";"71,0";"4,3";"475,50";"0,0"
"03/04/2025";"2100";"26,9";"27,9";"26,9";"96,0";"96,0";"87,0";"26,2";"26,4";"25,3";"1006,1";"1006,1";"1005,6";"0,1";"20,0";"2,9";"95,50";"0,0"
"03/04/2025";"2200";"26,5";"26,8";"26,2";"95,0";"100,0";"95,0";"25,7";"26,3";"25,7";"1006,6";"1006,6";"1006,1";"2,1";"76,0";"3,9";"1,00";"0,0"
"03/04/2025";"2300";"25,4";"26,6";"25,4";"99,0";"100,0";"95,0";"25,3";"25,9";"24,9";"1007,5";"1007,5";"1006,6";"1,1";"94,0";"4,7";"";"0,4"
"04/04/2025";"0000";"25,1";"25,4";"25,1";"100,0";"100,0";"99,0";"25,1";"25,3";"25,1";"1008,2";"1008,2";"1007,5";"0,7";"60,0";"2,4";"";"0,0"
"04/04/2025";"0100";"";"";"";"";"";"";"";"";"";"";"";"";"";"";"";"";""
"04/04/2025";"0200";"";"";"";"";"";"";"";"";"";"";"";"";"";"";"";"";""
"04/04/2025";"0300";"";"";"";"";"";"";"";"";"";"";"";"";"";"";"";"";""
"04/04/2025";"0400";"";"";"";"";"";"";"";"";"";"";"";"";"";"";"";"";""
"04/04/2025";"0500";"";"";"";"";"";"";"";"";"";"";"";"";"";"";"";"";""
"04/04/2025";"0600";"";"";"";"";"";"";"";"";"";"";"";"";"";"";"";"";""
"04/04/2025";"0700";"";"";"";"";"";"";"";"";"";"";"";"";"";"";"";"";""
"04/04/2025";"0800";"";"";"";"";"";"";"";"";"";"";"";"";"";"";"";"";""
"04/04/2025";"0900";"";"";"";"";"";"";"";"";"";"";"";"";"";"";"";"";""
"04/04/2025";"1000";"";"";"";"";"";"";"";"";"";"";"";"";"";"";"";"";""
"04/04/2025";"1100";"";"";"";"";"";"";"";"";"";"";"";"";"";"";"";"";""
"04/04/2025";"1200";"";"";"";"";"";"";"";"";"";"";"";"";"";"";"";"";""
"04/04/2025";"1300";"28,0";"29,2";"27,6";"88,0";"88,0";"81,0";"25,7";"26,5";"24,9";"1010,4";"1010,5";"1010,0";"4,6";"64,0";"8,9";"1677,40";"0,0"
"04/04/2025";"1400";"26,1";"28,0";"25,3";"99,0";"100,0";"88,0";"25,8";"25,9";"25,1";"1010,7";"1011,1";"1010,4";"3,6";"71,0";"9,0";"592,10";"3,6"
"04/04/2025";"1500";"27,6";"27,7";"25,6";"88,0";"99,0";"88,0";"25,4";"25,7";"24,5";"1010,1";"1010,7";"1010,1";"4,2";"77,0";"8,8";"3216,90";"0,0"
"04/04/2025";"1600";"";"";"";"";"";"";"";"";"";"";"";"";"";"";"";"";""
"04/04/2025";"1700";"26,7";"26,9";"26,5";"84,0";"88,0";"84,0";"23,7";"24,7";"23,7";"1008,4";"1009,3";"1008,3";"3,4";"81,0";"9,4";"1370,50";"0,0"
"04/04/2025";"1800";"26,2";"26,9";"26,0";"91,0";"91,0";"84,0";"24,6";"24,6";"23,7";"1008,1";"1008,5";"1008,0";"1,9";"59,0";"6,6";"913,10";"0,0"
"04/04/2025";"1900";"26,4";"26,4";"26,1";"92,0";"94,0";"90,0";"25,0";"25,3";"24,5";"1007,9";"1008,2";"1007,9";"1,1";"47,0";"3,8";"631,30";"0,0"
"04/04/2025";"2000";"";"";"";"";"";"";"";"";"";"";"";"";"";"";"";"";""
"04/04/2025";"2100";"";"";"";"";"";"";"";"";"";"";"";"";"";"";"";"";""
"04/04/2025";"2200";"";"";"";"";"";"";"";"";"";"";"";"";"";"";"";"";""
"04/04/2025";"2300";"25,4";"25,5";"25,3";"100,0";"100,0";"99,0";"25,4";"25,4";"25,2";"1010,0";"1010,0";"1009,0";"0,0";"288,0";"1,4";"";"0,0"
"05/04/2025";"0000";"23,6";"25,5";"23,6";"100,0";"100,0";"99,0";"23,6";"25,5";"23,6";"1010,9";"1011,1";"1010,0";"3,4";"101,0";"9,1";"0,20";"4,0"
"05/04/2025";"0100";"23,7";"23,7";"23,3";"100,0";"100,0";"100,0";"23,7";"23,7";"23,3";"1011,8";"1011,8";"1010,9";"1,4";"69,0";"9,1";"";"7,2"
"05/04/2025";"0200";"";"";"";"";"";"";"";"";"";"";"";"";"";"";"";"";""
"05/04/2025";"0300";"";"";"";"";"";"";"";"";"";"";"";"";"";"";"";"";""
"05/04/2025";"0400";"";"";"";"";"";"";"";"";"";"";"";"";"";"";"";"";""
"05/04/2025";"0500";"";"";"";"";"";"";"";"";"";"";"";"";"";"";"";"";""
"05/04/2025";"0600";"";"";"";"";"";"";"";"";"";"";"";"";"";"";"";"";""
"05/04/2025";"0700";"";"";"";"";"";"";"";"";"";"";"";"";"";"";"";"";""
"05/04/2025";"0800";"";"";"";"";"";"";"";"";"";"";"";"";"";"";"";"";""
"05/04/2025";"0900";"";"";"";"";"";"";"";"";"";"";"";"";"";"";"";"";""
"05/04/2025";"1000";"";"";"";"";"";"";"";"";"";"";"";"";"";"";"";"";""
"05/04/2025";"1100";"";"";"";"";"";"";"";"";"";"";"";"";"";"";"";"";""
"05/04/2025";"1200";"";"";"";"";"";"";"";"";"";"";"";"";"";"";"";"";""
"05/04/2025";"1300";"";"";"";"";"";"";"";"";"";"";"";"";"";"";"";"";""
"05/04/2025";"1400";"";"";"";"";"";"";"";"";"";"";"";"";"";"";"";"";""
"05/04/2025";"1500";"";"";"";"";"";"";"";"";"";"";"";"";"";"";"";"";""
"05/04/2025";"1600";"";"";"";"";"";"";"";"";"";"";"";"";"";"";"";"";""
"05/04/2025";"1700";"31,0";"31,5";"30,7";"72,0";"75,0";"70,0";"25,3";"26,0";"25,1";"1007,8";"1009,0";"1007,8";"3,9";"59,0";"8,6";"3215,70";"0,0"
"05/04/2025";"1800";"30,7";"31,3";"30,3";"74,0";"76,0";"69,0";"25,6";"26,3";"24,8";"1007,3";"1007,9";"1007,3";"4,5";"65,0";"8,3";"2494,70";"0,0"
"05/04/2025";"1900";"29,6";"30,8";"29,6";"80,0";"80,0";"73,0";"25,7";"25,8";"25,0";"1006,9";"1007,4";"1006,9";"3,7";"73,0";"8,6";"1614,40";"0,0"
"05/04/2025";"2000";"28,2";"29,6";"28,2";"82,0";"83,0";"80,0";"24,8";"25,8";"24,6";"1007,4";"1007,4";"1006,8";"1,9";"59,0";"7,9";"413,10";"0,0"
"05/04/2025";"2100";"27,3";"28,2";"27,3";"90,0";"90,0";"82,0";"25,5";"25,5";"24,7";"1008,0";"1008,0";"1007,4";"0,0";"7,0";"6,0";"98,20";"0,0"
"05/04/2025";"2200";"25,6";"27,3";"25,6";"94,0";"96,0";"90,0";"24,5";"26,1";"24,4";"1008,6";"1008,7";"1008,0";"1,3";"224,0";"6,6";"0,40";"0,0"
"05/04/2025";"2300";"";"";"";"";"";"";"";"";"";"";"";"";"";"";"";"";""
"06/04/2025";"0000";"25,1";"25,3";"24,9";"100,0";"100,0";"98,0";"25,1";"25,2";"24,6";"1009,8";"1009,8";"1009,1";"0,2";"275,0";"3,3";"";"0,0"
"06/04/2025";"0100";"24,8";"25,1";"24,7";"100,0";"100,0";"100,0";"24,8";"25,1";"24,7";"1010,6";"1010,6";"1009,7";"0,0";"187,0";"1,7";"";"0,4"
"06/04/2025";"0200";"";"";"";"";"";"";"";"";"";"";"";"";"";"";"";"";""
"06/04/2025";"0300";"";"";"";"";"";"";"";"";"";"";"";"";"";"";"";"";""
"06/04/2025";"0400";"";"";"";"";"";"";"";"";"";"";"";"";"";"";"";"";""
"06/04/2025";"0500";"";"";"";"";"";"";"";"";"";"";"";"";"";"";"";"";""
"06/04/2025";"0600";"";"";"";"";"";"";"";"";"";"";"";"";"";"";"";"";""
"06/04/2025";"0700";"";"";"";"";"";"";"";"";"";"";"";"";"";"";"";"";""
"06/04/2025";"0800";"";"";"";"";"";"";"";"";"";"";"";"";"";"";"";"";""
"06/04/2025";"0900";"";"";"";"";"";"";"";"";"";"";"";"";"";"";"";"";""
"06/04/2025";"1000";"";"";"";"";"";"";"";"";"";"";"";"";"";"";"";"";""
"06/04/2025";"1100";"";"";"";"";"";"";"";"";"";"";"";"";"";"";"";"";""
"06/04/2025";"1200";"";"";"";"";"";"";"";"";"";"";"";"";"";"";"";"";""
"06/04/2025";"1300";"";"";"";"";"";"";"";"";"";"";"";"";"";"";"";"";""
"06/04/2025";"1400";"";"";"";"";"";"";"";"";"";"";"";"";"";"";"";"";""
"06/04/2025";"1500";"";"";"";"";"";"";"";"";"";"";"";"";"";"";"";"";""
"06/04/2025";"1600";"27,1";"27,5";"26,4";"87,0";"97,0";"86,0";"24,7";"26,2";"24,7";"1008,5";"1009,1";"1008,5";"2,8";"74,0";"5,2";"1449,70";"0,0"
"06/04/2025";"1700";"";"";"";"";"";"";"";"";"";"";"";"";"";"";"";"";""
"06/04/2025";"1800";"28,6";"28,7";"27,2";"80,0";"87,0";"80,0";"24,9";"25,2";"24,4";"1006,3";"1007,8";"1006,3";"2,6";"64,0";"6,4";"2122,50";"0,2"
"06/04/2025";"1900";"29,2";"29,3";"28,2";"80,0";"83,0";"77,0";"25,3";"25,5";"24,6";"1005,2";"1006,3";"1005,2";"2,5";"72,0";"6,8";"1598,80";"0,0"
"06/04/2025";"2000";"27,6";"29,3";"27,6";"85,0";"85,0";"77,0";"24,9";"25,2";"24,3";"1006,2";"1006,2";"1005,2";"3,1";"67,0";"8,7";"905,70";"0,0"
"06/04/2025";"2100";"26,8";"27,6";"26,8";"90,0";"90,0";"85,0";"25,0";"25,2";"24,8";"1007,0";"1007,0";"1006,2";"1,6";"56,0";"6,2";"156,30";"0,0"
"06/04/2025";"2200";"";"";"";"";"";"";"";"";"";"";"";"";"";"";"";"";""
"06/04/2025";"2300";"";"";"";"";"";"";"";"";"";"";"";"";"";"";"";"";""
"07/04/2025";"0000";"";"";"";"";"";"";"";"";"";"";"";"";"";"";"";"";""
"07/04/2025";"0100";"";"";"";"";"";"";"";"";"";"";"";"";"";"";"";"";""
"07/04/2025";"0200";"";"";"";"";"";"";"";"";"";"";"";"";"";"";"";"";""
"07/04/2025";"0300";"";"";"";"";"";"";"";"";"";"";"";"";"";"";"";"";""
"07/04/2025";"0400";"";"";"";"";"";"";"";"";"";"";"";"";"";"";"";"";""
"07/04/2025";"0500";"";"";"";"";"";"";"";"";"";"";"";"";"";"";"";"";""
"07/04/2025";"0600";"";"";"";"";"";"";"";"";"";"";"";"";"";"";"";"";""
"07/04/2025";"0700";"";"";"";"";"";"";"";"";"";"";"";"";"";"";"";"";""
"07/04/2025";"0800";"";"";"";"";"";"";"";"";"";"";"";"";"";"";"";"";""
"07/04/2025";"0900";"";"";"";"";"";"";"";"";"";"";"";"";"";"";"";"";""
"07/04/2025";"1000";"";"";"";"";"";"";"";"";"";"";"";"";"";"";"";"";""
"07/04/2025";"1100";"";"";"";"";"";"";"";"";"";"";"";"";"";"";"";"";""
"07/04/2025";"1200";"";"";"";"";"";"";"";"";"";"";"";"";"";"";"";"";""
"07/04/2025";"1300";"";"";"";"";"";"";"";"";"";"";"";"";"";"";"";"";""
"07/04/2025";"1400";"";"";"";"";"";"";"";"";"";"";"";"";"";"";"";"";""
"07/04/2025";"1500";"";"";"";"";"";"";"";"";"";"";"";"";"";"";"";"";""
"07/04/2025";"1600";"";"";"";"";"";"";"";"";"";"";"";"";"";"";"";"";""
"07/04/2025";"1700";"";"";"";"";"";"";"";"";"";"";"";"";"";"";"";"";""
"07/04/2025";"1800";"";"";"";"";"";"";"";"";"";"";"";"";"";"";"";"";""
"07/04/2025";"1900";"";"";"";"";"";"";"";"";"";"";"";"";"";"";"";"";""
"07/04/2025";"2000";"24,8";"24,9";"24,7";"100,0";"100,0";"100,0";"24,8";"24,9";"24,7";"1007,2";"1007,4";"1007,1";"0,9";"38,0";"5,6";"248,90";"0,0"
"07/04/2025";"2100";"";"";"";"";"";"";"";"";"";"";"";"";"";"";"";"";""
"07/04/2025";"2200";"24,5";"24,7";"24,5";"100,0";"100,0";"100,0";"24,5";"24,7";"24,5";"1007,7";"1007,7";"1007,5";"0,0";"45,0";"1,5";"2,80";"0,0"
"07/04/2025";"2300";"24,2";"24,5";"24,1";"100,0";"100,0";"100,0";"24,2";"24,5";"24,1";"1008,0";"1008,0";"1007,7";"0,0";"232,0";"0,7";"";"0,0"
"08/04/2025";"0000";"24,3";"24,3";"24,1";"100,0";"100,0";"100,0";"24,3";"24,3";"24,1";"1008,7";"1008,7";"1008,0";"0,0";"203,0";"1,4";"";"0,0"
"08/04/2025";"0100";"";"";"";"";"";"";"";"";"";"";"";"";"";"";"";"";""
"08/04/2025";"0200";"";"";"";"";"";"";"";"";"";"";"";"";"";"";"";"";""
"08/04/2025";"0300";"";"";"";"";"";"";"";"";"";"";"";"";"";"";"";"";""
"08/04/2025";"0400";"";"";"";"";"";"";"";"";"";"";"";"";"";"";"";"";""
"08/04/2025";"0500";"";"";"";"";"";"";"";"";"";"";"";"";"";"";"";"";""
"08/04/2025";"0600";"";"";"";"";"";"";"";"";"";"";"";"";"";"";"";"";""
"08/04/2025";"0700";"";"";"";"";"";"";"";"";"";"";"";"";"";"";"";"";""
"08/04/2025";"0800";"";"";"";"";"";"";"";"";"";"";"";"";"";"";"";"";""
"08/04/2025";"0900";"";"";"";"";"";"";"";"";"";"";"";"";"";"";"";"";""
"08/04/2025";"1000";"";"";"";"";"";"";"";"";"";"";"";"";"";"";"";"";""
"08/04/2025";"1100";"";"";"";"";"";"";"";"";"";"";"";"";"";"";"";"";""
"08/04/2025";"1200";"";"";"";"";"";"";"";"";"";"";"";"";"";"";"";"";""
"08/04/2025";"1300";"28,6";"28,6";"27,2";"92,0";"96,0";"89,0";"27,2";"27,2";"25,5";"1010,4";"1010,5";"1009,9";"1,5";"71,0";"5,6";"1747,90";"0,2"
"08/04/2025";"1400";"";"";"";"";"";"";"";"";"";"";"";"";"";"";"";"";""
"08/04/2025";"1500";"30,2";"30,7";"29,6";"73,0";"81,0";"73,0";"24,8";"26,5";"24,8";"1008,9";"1009,8";"1008,9";"4,3";"67,0";"8,6";"3527,40";"0,0"
"08/04/2025";"1600";"";"";"";"";"";"";"";"";"";"";"";"";"";"";"";"";""
"08/04/2025";"1700";"28,3";"28,4";"28,1";"85,0";"86,0";"81,0";"25,5";"25,8";"24,7";"1007,6";"1008,3";"1007,6";"1,8";"73,0";"6,1";"543,70";"0,0"
"08/04/2025";"1800";"28,6";"28,6";"28,1";"84,0";"86,0";"82,0";"25,6";"25,6";"24,9";"1007,1";"1007,6";"1007,1";"2,1";"73,0";"6,4";"775,80";"0,0"
"08/04/2025";"1900";"27,9";"28,6";"27,4";"91,0";"93,0";"81,0";"26,3";"26,6";"25,0";"1006,7";"1007,1";"1006,6";"0,1";"27,0";"4,6";"751,30";"0,0"
"08/04/2025";"2000";"26,1";"28,2";"26,1";"98,0";"98,0";"84,0";"25,7";"26,1";"25,0";"1007,4";"1007,4";"1006,7";"1,1";"166,0";"4,3";"297,30";"0,0"
"08/04/2025";"2100";"25,5";"26,1";"25,4";"100,0";"100,0";"98,0";"25,5";"26,0";"25,4";"1007,7";"1007,7";"1007,3";"0,2";"115,0";"3,1";"82,50";"0,4"
"08/04/2025";"2200";"";"";"";"";"";"";"";"";"";"";"";"";"";"";"";"";""
"08/04/2025";"2300";"";"";"";"";"";"";"";"";"";"";"";"";"";"";"";"";""
"09/04/2025";"0000";"";"";"";"";"";"";"";"";"";"";"";"";"";"";"";"";""
"09/04/2025";"0100";"";"";"";"";"";"";"";"";"";"";"";"";"";"";"";"";""
"09/04/2025";"0200";"";"";"";"";"";"";"";"";"";"";"";"";"";"";"";"";""
"09/04/2025";"0300";"";"";"";"";"";"";"";"";"";"";"";"";"";"";"";"";""
"09/04/2025";"0400";"";"";"";"";"";"";"";"";"";"";"";"";"";"";"";"";""
"09/04/2025";"0500";"";"";"";"";"";"";"";"";"";"";"";"";"";"";"";"";""
"09/04/2025";"0600";"";"";"";"";"";"";"";"";"";"";"";"";"";"";"";"";""
"09/04/2025";"0700";"";"";"";"";"";"";"";"";"";"";"";"";"";"";"";"";""
"09/04/2025";"0800";"";"";"";"";"";"";"";"";"";"";"";"";"";"";"";"";""
"09/04/2025";"0900";"";"";"";"";"";"";"";"";"";"";"";"";"";"";"";"";""
"09/04/2025";"1000";"";"";"";"";"";"";"";"";"";"";"";"";"";"";"";"";""
"09/04/2025";"1100";"";"";"";"";"";"";"";"";"";"";"";"";"";"";"";"";""
"09/04/2025";"1200";"";"";"";"";"";"";"";"";"";"";"";"";"";"";"";"";""
"09/04/2025";"1300";"";"";"";"";"";"";"";"";"";"";"";"";"";"";"";"";""
"09/04/2025";"1400";"";"";"";"";"";"";"";"";"";"";"";"";"";"";"";"";""
"09/04/2025";"1500";"";"";"";"";"";"";"";"";"";"";"";"";"";"";"";"";""
"09/04/2025";"1600";"";"";"";"";"";"";"";"";"";"";"";"";"";"";"";"";""
"09/04/2025";"1700";"";"";"";"";"";"";"";"";"";"";"";"";"";"";"";"";""
"09/04/2025";"1800";"";"";"";"";"";"";"";"";"";"";"";"";"";"";"";"";""
"09/04/2025";"1900";"";"";"";"";"";"";"";"";"";"";"";"";"";"";"";"";""
"09/04/2025";"2000";"";"";"";"";"";"";"";"";"";"";"";"";"";"";"";"";""
"09/04/2025";"2100";"";"";"";"";"";"";"";"";"";"";"";"";"";"";"";"";""
"09/04/2025";"2200";"";"";"";"";"";"";"";"";"";"";"";"";"";"";"";"";""
"09/04/2025";"2300";"";"";"";"";"";"";"";"";"";"";"";"";"";"";"";"";""
"10/04/2025";"0000";"";"";"";"";"";"";"";"";"";"";"";"";"";"";"";"";""
"10/04/2025";"0100";"";"";"";"";"";"";"";"";"";"";"";"";"";"";"";"";""
"10/04/2025";"0200";"";"";"";"";"";"";"";"";"";"";"";"";"";"";"";"";""
"10/04/2025";"0300";"";"";"";"";"";"";"";"";"";"";"";"";"";"";"";"";""
"10/04/2025";"0400";"";"";"";"";"";"";"";"";"";"";"";"";"";"";"";"";""
"10/04/2025";"0500";"";"";"";"";"";"";"";"";"";"";"";"";"";"";"";"";""
"10/04/2025";"0600";"";"";"";"";"";"";"";"";"";"";"";"";"";"";"";"";""
"10/04/2025";"0700";"";"";"";"";"";"";"";"";"";"";"";"";"";"";"";"";""
"10/04/2025";"0800";"";"";"";"";"";"";"";"";"";"";"";"";"";"";"";"";""
"10/04/2025";"0900";"";"";"";"";"";"";"";"";"";"";"";"";"";"";"";"";""
"10/04/2025";"1000";"";"";"";"";"";"";"";"";"";"";"";"";"";"";"";"";""
"10/04/2025";"1100";"";"";"";"";"";"";"";"";"";"";"";"";"";"";"";"";""
"10/04/2025";"1200";"";"";"";"";"";"";"";"";"";"";"";"";"";"";"";"";""
"10/04/2025";"1300";"";"";"";"";"";"";"";"";"";"";"";"";"";"";"";"";""
"10/04/2025";"1400";"";"";"";"";"";"";"";"";"";"";"";"";"";"";"";"";""
"10/04/2025";"1500";"";"";"";"";"";"";"";"";"";"";"";"";"";"";"";"";""
"10/04/2025";"1600";"";"";"";"";"";"";"";"";"";"";"";"";"";"";"";"";""
"10/04/2025";"1700";"";"";"";"";"";"";"";"";"";"";"";"";"";"";"";"";""
"10/04/2025";"1800";"";"";"";"";"";"";"";"";"";"";"";"";"";"";"";"";""
"10/04/2025";"1900";"";"";"";"";"";"";"";"";"";"";"";"";"";"";"";"";""
"10/04/2025";"2000";"";"";"";"";"";"";"";"";"";"";"";"";"";"";"";"";""
"10/04/2025";"2100";"";"";"";"";"";"";"";"";"";"";"";"";"";"";"";"";""
"10/04/2025";"2200";"";"";"";"";"";"";"";"";"";"";"";"";"";"";"";"";""
"10/04/2025";"2300";"";"";"";"";"";"";"";"";"";"";"";"";"";"";"";"";""